SEASON,TEAM_ABBREVIATION,PLAY_TYPE,PPP_ML
2019-20,ATL,Cut,1.253869790487367
2019-20,ATL,Handoff,0.8216880327355005
2019-20,ATL,Isolation,0.9522834536957535
2019-20,ATL,Misc,0.5361859462854296
2019-20,ATL,OffRebound,1.1525098985881592
2019-20,ATL,OffScreen,0.7601653962756627
2019-20,ATL,PRBallHandler,0.8381419406517339
2019-20,ATL,PRRollMan,1.1817213150198385
2019-20,ATL,Postup,1.0014089413832379
2019-20,ATL,Spotup,0.9255363848458815
2019-20,ATL,Transition,1.1053251107106512
2019-20,BKN,Cut,1.3005634986775059
2019-20,BKN,Handoff,0.9755982920579684
2019-20,BKN,Isolation,0.8542497434299874
2019-20,BKN,Misc,0.5915367950992712
2019-20,BKN,OffRebound,0.9725588540100505
2019-20,BKN,OffScreen,0.9661661906980089
2019-20,BKN,PRBallHandler,0.8233689083610795
2019-20,BKN,PRRollMan,1.230222765099864
2019-20,BKN,Postup,0.8940687747382376
2019-20,BKN,Spotup,0.958778336077819
2019-20,BKN,Transition,1.1396513386593674
2019-20,BOS,Cut,1.2820287907747632
2019-20,BOS,Handoff,0.9147079059925918
2019-20,BOS,Isolation,0.8736409608531506
2019-20,BOS,Misc,0.5632351342850929
2019-20,BOS,OffRebound,1.0298644912671469
2019-20,BOS,OffScreen,0.9394273142566383
2019-20,BOS,PRBallHandler,0.9803705838605141
2019-20,BOS,PRRollMan,1.1229179983128674
2019-20,BOS,Postup,1.0224139771470444
2019-20,BOS,Spotup,0.992198032536721
2019-20,BOS,Transition,1.1286773964028267
2019-20,CHA,Cut,1.261785392568275
2019-20,CHA,Handoff,0.8006909863625392
2019-20,CHA,Isolation,0.7601574088333051
2019-20,CHA,Misc,0.5314755762408122
2019-20,CHA,OffRebound,1.041316686168618
2019-20,CHA,OffScreen,0.8746840847292466
2019-20,CHA,PRBallHandler,0.8488287416929217
2019-20,CHA,PRRollMan,0.9930700866677503
2019-20,CHA,Postup,0.9408741396041232
2019-20,CHA,Spotup,0.9972610324939954
2019-20,CHA,Transition,1.0547175806264193
2019-20,CHI,Cut,1.251696816949786
2019-20,CHI,Handoff,0.823190774539419
2019-20,CHI,Isolation,0.8521967036982225
2019-20,CHI,Misc,0.5676773384506781
2019-20,CHI,OffRebound,1.207956867439403
2019-20,CHI,OffScreen,0.9106277295565397
2019-20,CHI,PRBallHandler,0.8426836035413402
2019-20,CHI,PRRollMan,1.0413411796716316
2019-20,CHI,Postup,0.8141184268220798
2019-20,CHI,Spotup,0.993864529741645
2019-20,CHI,Transition,1.1130948138158443
2019-20,CLE,Cut,1.247841526872425
2019-20,CLE,Handoff,0.8303761394762194
2019-20,CLE,Isolation,0.8781544272161704
2019-20,CLE,Misc,0.5760358283204202
2019-20,CLE,OffRebound,1.1120435530702126
2019-20,CLE,OffScreen,0.9441655347796183
2019-20,CLE,PRBallHandler,0.8188897739310868
2019-20,CLE,PRRollMan,1.091734918127927
2019-20,CLE,Postup,0.92862902866224
2019-20,CLE,Spotup,1.010128824158423
2019-20,CLE,Transition,1.0548028530155809
2019-20,DAL,Cut,1.401870188105627
2019-20,DAL,Handoff,0.9563542874431564
2019-20,DAL,Isolation,0.9052063809204275
2019-20,DAL,Misc,0.6837369630265318
2019-20,DAL,OffRebound,1.121649856215574
2019-20,DAL,OffScreen,0.8844255041277437
2019-20,DAL,PRBallHandler,0.9916565815192985
2019-20,DAL,PRRollMan,1.2299538755954444
2019-20,DAL,Postup,0.8577397760744041
2019-20,DAL,Spotup,1.067542795171236
2019-20,DAL,Transition,1.0975675526018862
2019-20,DEN,Cut,1.3488162655809757
2019-20,DEN,Handoff,0.9111110748320891
2019-20,DEN,Isolation,0.9470589117835836
2019-20,DEN,Misc,0.5291341521537746
2019-20,DEN,OffRebound,1.1378452021031527
2019-20,DEN,OffScreen,0.9671966725179295
2019-20,DEN,PRBallHandler,0.864520185961612
2019-20,DEN,PRRollMan,1.177153440362177
2019-20,DEN,Postup,0.9512678436664582
2019-20,DEN,Spotup,1.0278777894508586
2019-20,DEN,Transition,1.1133280033025017
2019-20,DET,Cut,1.1621938555432596
2019-20,DET,Handoff,0.8930404464044126
2019-20,DET,Isolation,0.874155709402373
2019-20,DET,Misc,0.4974277983957405
2019-20,DET,OffRebound,1.0772449617287985
2019-20,DET,OffScreen,1.0363260946051742
2019-20,DET,PRBallHandler,0.8516387416676511
2019-20,DET,PRRollMan,1.134171382642867
2019-20,DET,Postup,0.9394117896991012
2019-20,DET,Spotup,1.0267030579536887
2019-20,DET,Transition,1.1086181392388097
2019-20,GSW,Cut,1.2434158082168387
2019-20,GSW,Handoff,0.9040170464415311
2019-20,GSW,Isolation,0.8315898809565625
2019-20,GSW,Misc,0.45839748062973007
2019-20,GSW,OffRebound,1.0141201017212267
2019-20,GSW,OffScreen,0.9125656928505026
2019-20,GSW,PRBallHandler,0.8166564509960743
2019-20,GSW,PRRollMan,1.0636419831940178
2019-20,GSW,Postup,0.896229258700272
2019-20,GSW,Spotup,0.9631033613252735
2019-20,GSW,Transition,1.1258924509560548
2019-20,HOU,Cut,1.2288218381511786
2019-20,HOU,Handoff,0.9116527292488178
2019-20,HOU,Isolation,1.0157263014630806
2019-20,HOU,Misc,0.5793276207547574
2019-20,HOU,OffRebound,1.0850365218149258
2019-20,HOU,OffScreen,0.9816251142945318
2019-20,HOU,PRBallHandler,0.9372253988231148
2019-20,HOU,PRRollMan,1.0997797141938
2019-20,HOU,Postup,0.8472395897200002
2019-20,HOU,Spotup,1.0171718397865122
2019-20,HOU,Transition,1.0982614393580716
2019-20,IND,Cut,1.2996921010505482
2019-20,IND,Handoff,0.926065382233042
2019-20,IND,Isolation,0.9490875695529809
2019-20,IND,Misc,0.5044353911789681
2019-20,IND,OffRebound,1.148023051267039
2019-20,IND,OffScreen,1.0241349530286123
2019-20,IND,PRBallHandler,0.8885224869232833
2019-20,IND,PRRollMan,1.0749922476345297
2019-20,IND,Postup,0.9276117335829482
2019-20,IND,Spotup,1.0590229469944648
2019-20,IND,Transition,1.1151927913328614
2019-20,LAC,Cut,1.2761655501193985
2019-20,LAC,Handoff,0.9227984685032666
2019-20,LAC,Isolation,0.9172982685347408
2019-20,LAC,Misc,0.5250374668630446
2019-20,LAC,OffRebound,1.0474049940337233
2019-20,LAC,OffScreen,1.1119850866805505
2019-20,LAC,PRBallHandler,0.9262480549816415
2019-20,LAC,PRRollMan,1.185647437308784
2019-20,LAC,Postup,0.9504982413258007
2019-20,LAC,Spotup,1.0855907833797847
2019-20,LAC,Transition,1.0948648625643167
2019-20,LAL,Cut,1.4054100470415958
2019-20,LAL,Handoff,0.8325912205848269
2019-20,LAL,Isolation,0.9032405193197615
2019-20,LAL,Misc,0.5787117022524607
2019-20,LAL,OffRebound,1.1967513761938329
2019-20,LAL,OffScreen,0.828359649359644
2019-20,LAL,PRBallHandler,0.8870030475619376
2019-20,LAL,PRRollMan,1.1804119681127179
2019-20,LAL,Postup,0.9280192995297303
2019-20,LAL,Spotup,1.0217564855082033
2019-20,LAL,Transition,1.179155614289825
2019-20,MEM,Cut,1.2510050594538322
2019-20,MEM,Handoff,0.880830543681387
2019-20,MEM,Isolation,0.7808816833100016
2019-20,MEM,Misc,0.5035360074492768
2019-20,MEM,OffRebound,1.1974344839459439
2019-20,MEM,OffScreen,0.9214993656020561
2019-20,MEM,PRBallHandler,0.8475521682702517
2019-20,MEM,PRRollMan,1.2418358446561415
2019-20,MEM,Postup,0.8815188688834783
2019-20,MEM,Spotup,1.0193653396858988
2019-20,MEM,Transition,1.123197439512009
2019-20,MIA,Cut,1.3093454478159896
2019-20,MIA,Handoff,1.0162728620361496
2019-20,MIA,Isolation,0.9057459179732567
2019-20,MIA,Misc,0.5800535446073204
2019-20,MIA,OffRebound,1.0715883006616829
2019-20,MIA,OffScreen,1.060623907740253
2019-20,MIA,PRBallHandler,0.845365293065618
2019-20,MIA,PRRollMan,1.2373506327305304
2019-20,MIA,Postup,0.9239600180067026
2019-20,MIA,Spotup,1.0819323952302558
2019-20,MIA,Transition,1.1413220507993025
2019-20,MIL,Cut,1.2915232228162585
2019-20,MIL,Handoff,1.037460650922946
2019-20,MIL,Isolation,0.9396429319710409
2019-20,MIL,Misc,0.6158047844716985
2019-20,MIL,OffRebound,1.1357590991523379
2019-20,MIL,OffScreen,1.013727741178949
2019-20,MIL,PRBallHandler,0.8986238104195943
2019-20,MIL,PRRollMan,1.1590661076577091
2019-20,MIL,Postup,0.9727472879926359
2019-20,MIL,Spotup,1.0806480495006454
2019-20,MIL,Transition,1.0947000496220867
2019-20,MIN,Cut,1.310108543443218
2019-20,MIN,Handoff,0.8905751169453147
2019-20,MIN,Isolation,0.9382070047238971
2019-20,MIN,Misc,0.5393855971697538
2019-20,MIN,OffRebound,1.1362548335062348
2019-20,MIN,OffScreen,0.9094256516868012
2019-20,MIN,PRBallHandler,0.8854864038851078
2019-20,MIN,PRRollMan,1.0578651838238786
2019-20,MIN,Postup,0.9235706996511169
2019-20,MIN,Spotup,0.9496740151614743
2019-20,MIN,Transition,1.0856598125741048
2019-20,NOP,Cut,1.3663520249862597
2019-20,NOP,Handoff,0.976105231071448
2019-20,NOP,Isolation,0.9477392026048881
2019-20,NOP,Misc,0.5637317740227834
2019-20,NOP,OffRebound,1.1434800243761383
2019-20,NOP,OffScreen,0.9262180856417329
2019-20,NOP,PRBallHandler,0.8104392160879063
2019-20,NOP,PRRollMan,1.2569473906339774
2019-20,NOP,Postup,0.9406319337692954
2019-20,NOP,Spotup,1.012727031100266
2019-20,NOP,Transition,1.1145070551676677
2019-20,NYK,Cut,1.2964826263156306
2019-20,NYK,Handoff,0.9323021822940529
2019-20,NYK,Isolation,0.8035094155698096
2019-20,NYK,Misc,0.4881475366908448
2019-20,NYK,OffRebound,1.1491869466863978
2019-20,NYK,OffScreen,0.866998840843071
2019-20,NYK,PRBallHandler,0.8106913614888314
2019-20,NYK,PRRollMan,1.2026403263264982
2019-20,NYK,Postup,0.8889852165968318
2019-20,NYK,Spotup,0.906818461852385
2019-20,NYK,Transition,1.0486583115628494
2019-20,OKC,Cut,1.2850820804503067
2019-20,OKC,Handoff,0.8807042825520349
2019-20,OKC,Isolation,0.9556619039188063
2019-20,OKC,Misc,0.6699585433853713
2019-20,OKC,OffRebound,1.0201327896916146
2019-20,OKC,OffScreen,1.1041647261335052
2019-20,OKC,PRBallHandler,0.9419499920816723
2019-20,OKC,PRRollMan,1.2166399808624488
2019-20,OKC,Postup,0.964121356680564
2019-20,OKC,Spotup,0.9847295378432945
2019-20,OKC,Transition,1.0770222252520272
2019-20,ORL,Cut,1.2571226433300304
2019-20,ORL,Handoff,0.9250191045111298
2019-20,ORL,Isolation,0.7591314761530202
2019-20,ORL,Misc,0.5055658084598723
2019-20,ORL,OffRebound,1.0431628221050127
2019-20,ORL,OffScreen,1.0224293370963862
2019-20,ORL,PRBallHandler,0.8809876386802137
2019-20,ORL,PRRollMan,1.0854590573500642
2019-20,ORL,Postup,0.8493661198134704
2019-20,ORL,Spotup,0.951367806726757
2019-20,ORL,Transition,1.1058271153531907
2019-20,PHI,Cut,1.342688926550838
2019-20,PHI,Handoff,0.8871494693197186
2019-20,PHI,Isolation,0.9194939968243453
2019-20,PHI,Misc,0.565528151334827
2019-20,PHI,OffRebound,1.053626061734209
2019-20,PHI,OffScreen,1.0268950747742227
2019-20,PHI,PRBallHandler,0.8416855831472843
2019-20,PHI,PRRollMan,1.0201451095254337
2019-20,PHI,Postup,0.9987343399942702
2019-20,PHI,Spotup,1.04279085680391
2019-20,PHI,Transition,1.0974716736393575
2019-20,PHX,Cut,1.2350020442327097
2019-20,PHX,Handoff,0.9247459063708661
2019-20,PHX,Isolation,0.8835190051585003
2019-20,PHX,Misc,0.647195782049379
2019-20,PHX,OffRebound,1.1339195108617934
2019-20,PHX,OffScreen,0.9688992849061122
2019-20,PHX,PRBallHandler,0.8586317293958006
2019-20,PHX,PRRollMan,1.1002257331212812
2019-20,PHX,Postup,0.9087323849674518
2019-20,PHX,Spotup,0.991730230080429
2019-20,PHX,Transition,1.1770799009336939
2019-20,POR,Cut,1.2461870975042586
2019-20,POR,Handoff,1.0507032647550212
2019-20,POR,Isolation,0.9230491482581799
2019-20,POR,Misc,0.536423392338258
2019-20,POR,OffRebound,1.0823546635858716
2019-20,POR,OffScreen,0.972586498128177
2019-20,POR,PRBallHandler,0.975508341510149
2019-20,POR,PRRollMan,1.0591557382976857
2019-20,POR,Postup,0.9305262487682953
2019-20,POR,Spotup,1.062646402630865
2019-20,POR,Transition,1.1158431630104584
2019-20,SAC,Cut,1.2766228084838727
2019-20,SAC,Handoff,0.9611789348744298
2019-20,SAC,Isolation,0.8392656519727073
2019-20,SAC,Misc,0.5042720786320882
2019-20,SAC,OffRebound,1.1440485071109858
2019-20,SAC,OffScreen,0.9794828332649955
2019-20,SAC,PRBallHandler,0.8794643474958757
2019-20,SAC,PRRollMan,1.0974940912807347
2019-20,SAC,Postup,0.8549382171137881
2019-20,SAC,Spotup,1.0642072121543011
2019-20,SAC,Transition,1.137858056109397
2019-20,SAS,Cut,1.2735248061233468
2019-20,SAS,Handoff,1.0105862114099537
2019-20,SAS,Isolation,0.9571981727722002
2019-20,SAS,Misc,0.5340384632448931
2019-20,SAS,OffRebound,1.0508301297605727
2019-20,SAS,OffScreen,1.0299002260380075
2019-20,SAS,PRBallHandler,0.9354932799920125
2019-20,SAS,PRRollMan,1.1290539450801256
2019-20,SAS,Postup,0.9476092305692073
2019-20,SAS,Spotup,1.0529236377937952
2019-20,SAS,Transition,1.123257799759286
2019-20,TOR,Cut,1.2150010430663045
2019-20,TOR,Handoff,0.799162386429625
2019-20,TOR,Isolation,0.8956454502761086
2019-20,TOR,Misc,0.615990978666576
2019-20,TOR,OffRebound,1.1289197243338414
2019-20,TOR,OffScreen,1.0034314360094663
2019-20,TOR,PRBallHandler,0.8468078428350821
2019-20,TOR,PRRollMan,1.0492349041943874
2019-20,TOR,Postup,0.9194643863759233
2019-20,TOR,Spotup,1.0381004550606838
2019-20,TOR,Transition,1.1257571800914332
2019-20,UTA,Cut,1.379838876205851
2019-20,UTA,Handoff,0.9834117588280558
2019-20,UTA,Isolation,0.9677191732537775
2019-20,UTA,Misc,0.5324602118454232
2019-20,UTA,OffRebound,1.140149255548677
2019-20,UTA,OffScreen,1.013196971317571
2019-20,UTA,PRBallHandler,0.9187581234985893
2019-20,UTA,PRRollMan,1.163772497352929
2019-20,UTA,Postup,0.894881830855217
2019-20,UTA,Spotup,1.1179188721116773
2019-20,UTA,Transition,1.0962764323903353
2019-20,WAS,Cut,1.2367435315294615
2019-20,WAS,Handoff,0.9475113855029299
2019-20,WAS,Isolation,0.8889444087231321
2019-20,WAS,Misc,0.5767581395699146
2019-20,WAS,OffRebound,1.1385945122494487
2019-20,WAS,OffScreen,0.9399422717293732
2019-20,WAS,PRBallHandler,0.8456325382323497
2019-20,WAS,PRRollMan,1.0922775775750704
2019-20,WAS,Postup,0.8346967555967792
2019-20,WAS,Spotup,1.038066874042837
2019-20,WAS,Transition,1.0983955489923525
2020-21,ATL,Cut,1.249937408504502
2020-21,ATL,Handoff,0.7787723899263932
2020-21,ATL,Isolation,0.895677888308577
2020-21,ATL,Misc,0.5890225804147589
2020-21,ATL,OffRebound,1.1573368189389839
2020-21,ATL,OffScreen,1.0497219856945224
2020-21,ATL,PRBallHandler,0.9069216464009153
2020-21,ATL,PRRollMan,1.232521346734908
2020-21,ATL,Postup,0.9762162872274207
2020-21,ATL,Spotup,1.0688675375527459
2020-21,ATL,Transition,1.121362218725792
2020-21,BKN,Cut,1.313608675282079
2020-21,BKN,Handoff,1.0980514954936011
2020-21,BKN,Isolation,1.0420366439759559
2020-21,BKN,Misc,0.5863580004349721
2020-21,BKN,OffRebound,1.1545815433569728
2020-21,BKN,OffScreen,1.037264751503047
2020-21,BKN,PRBallHandler,0.9116243265181122
2020-21,BKN,PRRollMan,1.1614567090966785
2020-21,BKN,Postup,1.0460045982644144
2020-21,BKN,Spotup,1.1245192697422222
2020-21,BKN,Transition,1.1481815450790391
2020-21,BOS,Cut,1.3478237777391064
2020-21,BOS,Handoff,0.9625481809610409
2020-21,BOS,Isolation,0.8374744063436091
2020-21,BOS,Misc,0.5705413280051592
2020-21,BOS,OffRebound,1.110583551680216
2020-21,BOS,OffScreen,0.9828706613276761
2020-21,BOS,PRBallHandler,0.9196746558426757
2020-21,BOS,PRRollMan,1.0977086699925258
2020-21,BOS,Postup,0.95100943978807
2020-21,BOS,Spotup,1.0942441088204484
2020-21,BOS,Transition,1.1619460266788686
2020-21,CHA,Cut,1.1573328210329799
2020-21,CHA,Handoff,1.013200034261358
2020-21,CHA,Isolation,0.9690867815332415
2020-21,CHA,Misc,0.5451645181904363
2020-21,CHA,OffRebound,0.9574714117034472
2020-21,CHA,OffScreen,0.8724045183205028
2020-21,CHA,PRBallHandler,0.81458034767138
2020-21,CHA,PRRollMan,1.0651094925114184
2020-21,CHA,Postup,0.8173736774251078
2020-21,CHA,Spotup,1.029419857602385
2020-21,CHA,Transition,1.143185287529143
2020-21,CHI,Cut,1.409550154785061
2020-21,CHI,Handoff,0.8866639139704607
2020-21,CHI,Isolation,0.9923224989267757
2020-21,CHI,Misc,0.5382510742738079
2020-21,CHI,OffRebound,1.125095810474017
2020-21,CHI,OffScreen,0.9810589011956486
2020-21,CHI,PRBallHandler,0.9430739669188571
2020-21,CHI,PRRollMan,1.0270863325969197
2020-21,CHI,Postup,1.0214818792884055
2020-21,CHI,Spotup,1.0319804294623127
2020-21,CHI,Transition,1.1196378357434253
2020-21,CLE,Cut,1.2443155472092031
2020-21,CLE,Handoff,0.9220710284657454
2020-21,CLE,Isolation,0.7909746123832452
2020-21,CLE,Misc,0.579640389599616
2020-21,CLE,OffRebound,1.0852766931253706
2020-21,CLE,OffScreen,0.9969582992347067
2020-21,CLE,PRBallHandler,0.8293377045197095
2020-21,CLE,PRRollMan,1.1751625304986237
2020-21,CLE,Postup,0.8426046375382111
2020-21,CLE,Spotup,0.9028111102181654
2020-21,CLE,Transition,1.1387577502890187
2020-21,DAL,Cut,1.3489172364506195
2020-21,DAL,Handoff,1.0278549745847898
2020-21,DAL,Isolation,0.9575088264866093
2020-21,DAL,Misc,0.6482007235054382
2020-21,DAL,OffRebound,1.0750868278517047
2020-21,DAL,OffScreen,1.056217102481366
2020-21,DAL,PRBallHandler,1.0000405665026815
2020-21,DAL,PRRollMan,1.205794862482036
2020-21,DAL,Postup,0.9846107851531546
2020-21,DAL,Spotup,1.0565490152427224
2020-21,DAL,Transition,1.1041435697719464
2020-21,DEN,Cut,1.29300843704285
2020-21,DEN,Handoff,0.9766073360850348
2020-21,DEN,Isolation,0.9314612989774451
2020-21,DEN,Misc,0.6349349351798673
2020-21,DEN,OffRebound,1.2119192728362118
2020-21,DEN,OffScreen,1.1138730041890914
2020-21,DEN,PRBallHandler,0.9032079652185736
2020-21,DEN,PRRollMan,1.1303701749342716
2020-21,DEN,Postup,0.9710276461615743
2020-21,DEN,Spotup,1.108152685875488
2020-21,DEN,Transition,1.1206982155911651
2020-21,DET,Cut,1.3276808067978914
2020-21,DET,Handoff,0.9466039409066892
2020-21,DET,Isolation,0.7930585588677838
2020-21,DET,Misc,0.5127312548282169
2020-21,DET,OffRebound,1.1389099504519957
2020-21,DET,OffScreen,0.9900515359998623
2020-21,DET,PRBallHandler,0.8220666841591502
2020-21,DET,PRRollMan,1.1776595571131443
2020-21,DET,Postup,0.9217023161903003
2020-21,DET,Spotup,0.9659964876810423
2020-21,DET,Transition,1.1266888782537128
2020-21,GSW,Cut,1.2979661760331578
2020-21,GSW,Handoff,1.0201325065385631
2020-21,GSW,Isolation,0.9472136002078934
2020-21,GSW,Misc,0.4557427365512726
2020-21,GSW,OffRebound,1.0296198735015505
2020-21,GSW,OffScreen,1.0326119737740818
2020-21,GSW,PRBallHandler,0.9307373014713812
2020-21,GSW,PRRollMan,1.1635298214511918
2020-21,GSW,Postup,0.8476815511758647
2020-21,GSW,Spotup,0.9999810819698307
2020-21,GSW,Transition,1.146686535679641
2020-21,HOU,Cut,1.34809607338721
2020-21,HOU,Handoff,0.8713727830438457
2020-21,HOU,Isolation,0.8638068877994219
2020-21,HOU,Misc,0.509946283596654
2020-21,HOU,OffRebound,1.1344978579053864
2020-21,HOU,OffScreen,1.0073860355803992
2020-21,HOU,PRBallHandler,0.8588708381962031
2020-21,HOU,PRRollMan,1.1534839106783235
2020-21,HOU,Postup,0.9403071666555662
2020-21,HOU,Spotup,0.9837824487241611
2020-21,HOU,Transition,1.0461837794221434
2020-21,IND,Cut,1.3494757981688195
2020-21,IND,Handoff,0.9147461886261528
2020-21,IND,Isolation,0.8744324688793793
2020-21,IND,Misc,0.6722134838409798
2020-21,IND,OffRebound,1.1271988379444386
2020-21,IND,OffScreen,1.001481489575259
2020-21,IND,PRBallHandler,0.929722289517303
2020-21,IND,PRRollMan,1.074763956041715
2020-21,IND,Postup,0.8636569869879034
2020-21,IND,Spotup,1.0576062555435166
2020-21,IND,Transition,1.1407675963361388
2020-21,LAC,Cut,1.3553049549282719
2020-21,LAC,Handoff,0.9449860135161167
2020-21,LAC,Isolation,0.9392543894706357
2020-21,LAC,Misc,0.5713699315738181
2020-21,LAC,OffRebound,1.0761750633032365
2020-21,LAC,OffScreen,1.0291309840250604
2020-21,LAC,PRBallHandler,0.9284973915107037
2020-21,LAC,PRRollMan,1.1340041364178328
2020-21,LAC,Postup,1.0029658467989
2020-21,LAC,Spotup,1.2029879787308608
2020-21,LAC,Transition,1.1133874246660316
2020-21,LAL,Cut,1.3444655440074096
2020-21,LAL,Handoff,0.8518813171934687
2020-21,LAL,Isolation,0.8455580749169889
2020-21,LAL,Misc,0.4663487282611075
2020-21,LAL,OffRebound,1.144315978979485
2020-21,LAL,OffScreen,0.9688522033655984
2020-21,LAL,PRBallHandler,0.8716177533908308
2020-21,LAL,PRRollMan,1.1072783224426517
2020-21,LAL,Postup,0.9447017321937244
2020-21,LAL,Spotup,1.0046729911446577
2020-21,LAL,Transition,1.142646664861407
2020-21,MEM,Cut,1.213821079152892
2020-21,MEM,Handoff,0.8856245067568618
2020-21,MEM,Isolation,0.932591958198174
2020-21,MEM,Misc,0.6678739697743152
2020-21,MEM,OffRebound,1.2205259163982338
2020-21,MEM,OffScreen,0.8775827823008092
2020-21,MEM,PRBallHandler,0.8429714817260495
2020-21,MEM,PRRollMan,1.129932899023278
2020-21,MEM,Postup,1.0318018394358517
2020-21,MEM,Spotup,1.0294845419457654
2020-21,MEM,Transition,1.1227523490656497
2020-21,MIA,Cut,1.2269927322783143
2020-21,MIA,Handoff,0.9881529028375013
2020-21,MIA,Isolation,0.8738662232731421
2020-21,MIA,Misc,0.4943053427505859
2020-21,MIA,OffRebound,1.1417394188888073
2020-21,MIA,OffScreen,1.1217663653529182
2020-21,MIA,PRBallHandler,0.8578912460407195
2020-21,MIA,PRRollMan,1.2441530326643675
2020-21,MIA,Postup,0.9236530113407183
2020-21,MIA,Spotup,1.025516928394584
2020-21,MIA,Transition,1.1275924044088932
2020-21,MIL,Cut,1.3479378092517122
2020-21,MIL,Handoff,1.0806402433380742
2020-21,MIL,Isolation,0.9631060228562651
2020-21,MIL,Misc,0.5682744406529224
2020-21,MIL,OffRebound,1.1200349396234142
2020-21,MIL,OffScreen,0.9249059974727237
2020-21,MIL,PRBallHandler,0.9337840716613249
2020-21,MIL,PRRollMan,1.1503476973914122
2020-21,MIL,Postup,0.9585146516810081
2020-21,MIL,Spotup,1.0980739087478564
2020-21,MIL,Transition,1.1192034957655248
2020-21,MIN,Cut,1.2770942140572852
2020-21,MIN,Handoff,0.927507835343405
2020-21,MIN,Isolation,0.9002174694865868
2020-21,MIN,Misc,0.6115952471953598
2020-21,MIN,OffRebound,1.1406809321402303
2020-21,MIN,OffScreen,0.9405740292482286
2020-21,MIN,PRBallHandler,0.8185584527302354
2020-21,MIN,PRRollMan,1.1188052242243154
2020-21,MIN,Postup,0.8637195905855773
2020-21,MIN,Spotup,0.9889022106122325
2020-21,MIN,Transition,1.1384215515283878
2020-21,NOP,Cut,1.2787572449278124
2020-21,NOP,Handoff,0.9260664944554431
2020-21,NOP,Isolation,0.9421217365801653
2020-21,NOP,Misc,0.5064264138515161
2020-21,NOP,OffRebound,1.1258960428021678
2020-21,NOP,OffScreen,0.9952965322747664
2020-21,NOP,PRBallHandler,0.9209133399525959
2020-21,NOP,PRRollMan,1.115600493282361
2020-21,NOP,Postup,1.0421308086402938
2020-21,NOP,Spotup,1.0250126787375786
2020-21,NOP,Transition,1.1414525136886564
2020-21,NYK,Cut,1.1752624077189424
2020-21,NYK,Handoff,0.9616831774665829
2020-21,NYK,Isolation,0.905521862754199
2020-21,NYK,Misc,0.6641773760576956
2020-21,NYK,OffRebound,1.089659161012412
2020-21,NYK,OffScreen,0.886500268752794
2020-21,NYK,PRBallHandler,0.8857873431985216
2020-21,NYK,PRRollMan,1.1090229292821225
2020-21,NYK,Postup,0.9096349379015163
2020-21,NYK,Spotup,1.0582323697579232
2020-21,NYK,Transition,1.1044782088799148
2020-21,OKC,Cut,1.2946425922381142
2020-21,OKC,Handoff,0.8404483771258494
2020-21,OKC,Isolation,0.8120516775578014
2020-21,OKC,Misc,0.4822837945034997
2020-21,OKC,OffRebound,1.0837661118129545
2020-21,OKC,OffScreen,1.107165794711581
2020-21,OKC,PRBallHandler,0.8623737542532024
2020-21,OKC,PRRollMan,1.0699913387190296
2020-21,OKC,Postup,0.9890922191752015
2020-21,OKC,Spotup,0.9518278446044206
2020-21,OKC,Transition,1.0000701029561436
2020-21,ORL,Cut,1.2515974551377504
2020-21,ORL,Handoff,1.025596627597598
2020-21,ORL,Isolation,0.7782221848941708
2020-21,ORL,Misc,0.5024901812610608
2020-21,ORL,OffRebound,1.1023219739098786
2020-21,ORL,OffScreen,0.9254348416255879
2020-21,ORL,PRBallHandler,0.8136347379479741
2020-21,ORL,PRRollMan,1.0778446444405898
2020-21,ORL,Postup,0.9237545310070494
2020-21,ORL,Spotup,0.9557428291153939
2020-21,ORL,Transition,1.0231184467485723
2020-21,PHI,Cut,1.3067721374112373
2020-21,PHI,Handoff,1.0073290733058524
2020-21,PHI,Isolation,0.9551218490047964
2020-21,PHI,Misc,0.5727488475763738
2020-21,PHI,OffRebound,1.1446443055207713
2020-21,PHI,OffScreen,1.026182535742094
2020-21,PHI,PRBallHandler,0.9385900214032822
2020-21,PHI,PRRollMan,1.0575002133695248
2020-21,PHI,Postup,1.0014317822098198
2020-21,PHI,Spotup,1.0375746974987765
2020-21,PHI,Transition,1.1415368536554567
2020-21,PHX,Cut,1.332849131957912
2020-21,PHX,Handoff,0.9526444095600023
2020-21,PHX,Isolation,0.9704421852255087
2020-21,PHX,Misc,0.5588068094022443
2020-21,PHX,OffRebound,1.2298090430850777
2020-21,PHX,OffScreen,0.9251433112962423
2020-21,PHX,PRBallHandler,0.9424274806140732
2020-21,PHX,PRRollMan,1.1942015034845532
2020-21,PHX,Postup,0.9408260586201156
2020-21,PHX,Spotup,1.1035068317120922
2020-21,PHX,Transition,1.163071128066307
2020-21,POR,Cut,1.2579049236438788
2020-21,POR,Handoff,1.0052180387098029
2020-21,POR,Isolation,1.0386326539175947
2020-21,POR,Misc,0.5035683059763554
2020-21,POR,OffRebound,1.0583272527582341
2020-21,POR,OffScreen,1.0263818954138473
2020-21,POR,PRBallHandler,0.9969857953884236
2020-21,POR,PRRollMan,1.110977235180182
2020-21,POR,Postup,0.9086942064913027
2020-21,POR,Spotup,1.1268021604550136
2020-21,POR,Transition,1.109531576014887
2020-21,SAC,Cut,1.2770895002465585
2020-21,SAC,Handoff,0.9349670385509604
2020-21,SAC,Isolation,0.9007322153777021
2020-21,SAC,Misc,0.5402438963200854
2020-21,SAC,OffRebound,1.1413336055475733
2020-21,SAC,OffScreen,0.9248829542905512
2020-21,SAC,PRBallHandler,0.9415716592463567
2020-21,SAC,PRRollMan,1.1406948766580731
2020-21,SAC,Postup,0.9413940863540009
2020-21,SAC,Spotup,1.0752954073688932
2020-21,SAC,Transition,1.1928287423504027
2020-21,SAS,Cut,1.267993264733984
2020-21,SAS,Handoff,0.9735907709994882
2020-21,SAS,Isolation,0.982274857101792
2020-21,SAS,Misc,0.6243493957476943
2020-21,SAS,OffRebound,1.0863729171973866
2020-21,SAS,OffScreen,1.1318756233823504
2020-21,SAS,PRBallHandler,0.8864631033028398
2020-21,SAS,PRRollMan,1.0874188056871366
2020-21,SAS,Postup,0.9809473729374538
2020-21,SAS,Spotup,0.9955296482702127
2020-21,SAS,Transition,1.102417784255039
2020-21,TOR,Cut,1.2892491805151622
2020-21,TOR,Handoff,1.0200155089894007
2020-21,TOR,Isolation,0.8486996439828988
2020-21,TOR,Misc,0.5307953514456956
2020-21,TOR,OffRebound,1.1416466967035892
2020-21,TOR,OffScreen,1.036903222190368
2020-21,TOR,PRBallHandler,0.8940363466700698
2020-21,TOR,PRRollMan,1.0631674075263406
2020-21,TOR,Postup,0.8139317470293885
2020-21,TOR,Spotup,1.0370656200182018
2020-21,TOR,Transition,1.1141701949763338
2020-21,UTA,Cut,1.348532013777916
2020-21,UTA,Handoff,0.9733197038527382
2020-21,UTA,Isolation,0.8600917185455124
2020-21,UTA,Misc,0.5754306359038458
2020-21,UTA,OffRebound,1.2030366913108719
2020-21,UTA,OffScreen,1.0503924659578852
2020-21,UTA,PRBallHandler,1.009155747539491
2020-21,UTA,PRRollMan,1.2499399590672509
2020-21,UTA,Postup,0.8492097658568111
2020-21,UTA,Spotup,1.10583539322582
2020-21,UTA,Transition,1.1273935309618708
2020-21,WAS,Cut,1.2826380686089474
2020-21,WAS,Handoff,0.924443429413033
2020-21,WAS,Isolation,0.8237487637950752
2020-21,WAS,Misc,0.6223004766592729
2020-21,WAS,OffRebound,1.134533221676537
2020-21,WAS,OffScreen,1.0291200878863487
2020-21,WAS,PRBallHandler,0.8498592410585034
2020-21,WAS,PRRollMan,1.1174854568065784
2020-21,WAS,Postup,0.9710771050505435
2020-21,WAS,Spotup,0.9918388974044532
2020-21,WAS,Transition,1.1269109235918418
2021-22,ATL,Cut,1.3502674689950995
2021-22,ATL,Handoff,0.93191259434911
2021-22,ATL,Isolation,0.862484859731394
2021-22,ATL,Misc,0.6588512566283705
2021-22,ATL,OffRebound,1.0003782396260745
2021-22,ATL,OffScreen,0.9185054608166482
2021-22,ATL,PRBallHandler,0.9042266445855087
2021-22,ATL,PRRollMan,1.2608393021844404
2021-22,ATL,Postup,0.9452799808983794
2021-22,ATL,Spotup,1.086739403544935
2021-22,ATL,Transition,1.1544198588430057
2021-22,BKN,Cut,1.2248773006071452
2021-22,BKN,Handoff,0.9425466073869869
2021-22,BKN,Isolation,0.9667929771422825
2021-22,BKN,Misc,0.5717990621233799
2021-22,BKN,OffRebound,1.0758957888304113
2021-22,BKN,OffScreen,1.0368323010987084
2021-22,BKN,PRBallHandler,0.8612140397311551
2021-22,BKN,PRRollMan,1.0536243075437965
2021-22,BKN,Postup,1.000847030445653
2021-22,BKN,Spotup,1.0476275803645196
2021-22,BKN,Transition,1.1779084363948313
2021-22,BOS,Cut,1.3852799871031367
2021-22,BOS,Handoff,0.9286898227414838
2021-22,BOS,Isolation,0.913839232024381
2021-22,BOS,Misc,0.5267380493475126
2021-22,BOS,OffRebound,1.1476795676117175
2021-22,BOS,OffScreen,1.0173884790807923
2021-22,BOS,PRBallHandler,0.8507605831278054
2021-22,BOS,PRRollMan,1.0794413346979312
2021-22,BOS,Postup,0.937939493366754
2021-22,BOS,Spotup,1.0434414894511281
2021-22,BOS,Transition,1.1114886998210172
2021-22,CHA,Cut,1.350261762737149
2021-22,CHA,Handoff,0.9259149408971119
2021-22,CHA,Isolation,0.9436441110557071
2021-22,CHA,Misc,0.5754175469104649
2021-22,CHA,OffRebound,1.0716298449981894
2021-22,CHA,OffScreen,1.0194559583066947
2021-22,CHA,PRBallHandler,0.8232306543315581
2021-22,CHA,PRRollMan,1.1983538593127685
2021-22,CHA,Postup,0.800320520000134
2021-22,CHA,Spotup,1.0683935938392515
2021-22,CHA,Transition,1.1490050816583706
2021-22,CHI,Cut,1.3140653331484313
2021-22,CHI,Handoff,0.9333051849753612
2021-22,CHI,Isolation,1.0002538767428981
2021-22,CHI,Misc,0.5373431999916214
2021-22,CHI,OffRebound,1.0869751873714644
2021-22,CHI,OffScreen,0.9778959796021998
2021-22,CHI,PRBallHandler,0.9377221536772211
2021-22,CHI,PRRollMan,1.0096124982491557
2021-22,CHI,Postup,0.9546149619048104
2021-22,CHI,Spotup,1.0291240478588146
2021-22,CHI,Transition,1.1723854682250954
2021-22,CLE,Cut,1.3078882391932867
2021-22,CLE,Handoff,0.8466328686838254
2021-22,CLE,Isolation,0.9524981866518553
2021-22,CLE,Misc,0.5303369341056745
2021-22,CLE,OffRebound,1.1692123430755261
2021-22,CLE,OffScreen,0.9550389166418786
2021-22,CLE,PRBallHandler,0.8696788868846488
2021-22,CLE,PRRollMan,1.1366012089998574
2021-22,CLE,Postup,0.9661155564529573
2021-22,CLE,Spotup,0.9686958155384111
2021-22,CLE,Transition,1.1507638949478112
2021-22,DAL,Cut,1.346668279715889
2021-22,DAL,Handoff,0.9253578361137194
2021-22,DAL,Isolation,1.0295983386249785
2021-22,DAL,Misc,0.6120754804156072
2021-22,DAL,OffRebound,1.0988202650689292
2021-22,DAL,OffScreen,0.9177375592944129
2021-22,DAL,PRBallHandler,0.9561158589506934
2021-22,DAL,PRRollMan,1.1958251172609853
2021-22,DAL,Postup,0.8873042788995371
2021-22,DAL,Spotup,1.0446373176939912
2021-22,DAL,Transition,1.14278144116597
2021-22,DEN,Cut,1.3522756782429326
2021-22,DEN,Handoff,0.9252270316245033
2021-22,DEN,Isolation,0.8965684584740571
2021-22,DEN,Misc,0.4589349725316896
2021-22,DEN,OffRebound,1.18501076057134
2021-22,DEN,OffScreen,1.0308128543856505
2021-22,DEN,PRBallHandler,0.8266752416529467
2021-22,DEN,PRRollMan,1.0451871882378856
2021-22,DEN,Postup,1.0882771149311512
2021-22,DEN,Spotup,1.0836120529607547
2021-22,DEN,Transition,1.1645472046534986
2021-22,DET,Cut,1.2007873825096476
2021-22,DET,Handoff,0.8281492167689356
2021-22,DET,Isolation,0.7980275767913227
2021-22,DET,Misc,0.5170648384452022
2021-22,DET,OffRebound,1.0329749491378555
2021-22,DET,OffScreen,0.8828309813460095
2021-22,DET,PRBallHandler,0.8063905907373388
2021-22,DET,PRRollMan,1.0769189604704663
2021-22,DET,Postup,0.9081570380989955
2021-22,DET,Spotup,0.9573638348256105
2021-22,DET,Transition,1.12546534787341
2021-22,GSW,Cut,1.3290612958411372
2021-22,GSW,Handoff,0.9338291797814202
2021-22,GSW,Isolation,0.9733974397158118
2021-22,GSW,Misc,0.507077395296698
2021-22,GSW,OffRebound,1.1333221157666127
2021-22,GSW,OffScreen,0.9885492961451923
2021-22,GSW,PRBallHandler,0.9470476944430632
2021-22,GSW,PRRollMan,1.0425270966255353
2021-22,GSW,Postup,0.8729430680882048
2021-22,GSW,Spotup,1.0382282567435885
2021-22,GSW,Transition,1.1423918100835717
2021-22,HOU,Cut,1.2795879695829189
2021-22,HOU,Handoff,0.9148472840722972
2021-22,HOU,Isolation,0.9401057960284395
2021-22,HOU,Misc,0.5734475528012456
2021-22,HOU,OffRebound,1.1841530948629808
2021-22,HOU,OffScreen,0.9778562404316326
2021-22,HOU,PRBallHandler,0.8347187383084002
2021-22,HOU,PRRollMan,1.1245641411812117
2021-22,HOU,Postup,0.9652780948288557
2021-22,HOU,Spotup,1.01922880601074
2021-22,HOU,Transition,1.0794831859742253
2021-22,IND,Cut,1.2643242342560985
2021-22,IND,Handoff,0.8459288381994929
2021-22,IND,Isolation,0.8664070962257682
2021-22,IND,Misc,0.5342177996048059
2021-22,IND,OffRebound,1.1516347633905748
2021-22,IND,OffScreen,0.9563089768910679
2021-22,IND,PRBallHandler,0.9077278860698335
2021-22,IND,PRRollMan,1.2088081109365627
2021-22,IND,Postup,0.9243363683843657
2021-22,IND,Spotup,0.9761561245333523
2021-22,IND,Transition,1.1240136553803715
2021-22,LAC,Cut,1.3540202752120516
2021-22,LAC,Handoff,0.9114940213773659
2021-22,LAC,Isolation,0.8361010493908095
2021-22,LAC,Misc,0.5157204184565957
2021-22,LAC,OffRebound,1.0315890840023179
2021-22,LAC,OffScreen,1.0085599077436145
2021-22,LAC,PRBallHandler,0.8600652851801535
2021-22,LAC,PRRollMan,1.1533632693002902
2021-22,LAC,Postup,0.9760160365527655
2021-22,LAC,Spotup,1.1075358453756425
2021-22,LAC,Transition,1.0795781586299826
2021-22,LAL,Cut,1.2890558666527874
2021-22,LAL,Handoff,0.9537796636514128
2021-22,LAL,Isolation,0.9433180639736011
2021-22,LAL,Misc,0.543765654980019
2021-22,LAL,OffRebound,1.1704550579290633
2021-22,LAL,OffScreen,1.0583783284737542
2021-22,LAL,PRBallHandler,0.8769438041741949
2021-22,LAL,PRRollMan,1.1343733509356566
2021-22,LAL,Postup,0.9892541592948254
2021-22,LAL,Spotup,0.9553399623689969
2021-22,LAL,Transition,1.1329646770212989
2021-22,MEM,Cut,1.2586045015591678
2021-22,MEM,Handoff,0.9442553770554751
2021-22,MEM,Isolation,0.8989987515573296
2021-22,MEM,Misc,0.5783170447008867
2021-22,MEM,OffRebound,1.0757565133582216
2021-22,MEM,OffScreen,0.8890275185084269
2021-22,MEM,PRBallHandler,0.8573145561529811
2021-22,MEM,PRRollMan,1.1109937725074077
2021-22,MEM,Postup,0.9199846375198318
2021-22,MEM,Spotup,1.0224952932444167
2021-22,MEM,Transition,1.1085318631987646
2021-22,MIA,Cut,1.1783526307735932
2021-22,MIA,Handoff,0.9463289365930908
2021-22,MIA,Isolation,0.9485683444907818
2021-22,MIA,Misc,0.5255023420961745
2021-22,MIA,OffRebound,1.2208625065221814
2021-22,MIA,OffScreen,0.9617823489078426
2021-22,MIA,PRBallHandler,0.8688559929371668
2021-22,MIA,PRRollMan,1.1309183811218757
2021-22,MIA,Postup,0.9929109255084266
2021-22,MIA,Spotup,1.0854907608168765
2021-22,MIA,Transition,1.144235644906209
2021-22,MIL,Cut,1.2440094310212926
2021-22,MIL,Handoff,0.8361616750049258
2021-22,MIL,Isolation,0.9294319319539909
2021-22,MIL,Misc,0.6266026345065683
2021-22,MIL,OffRebound,1.1465324248837905
2021-22,MIL,OffScreen,0.8720170802583311
2021-22,MIL,PRBallHandler,0.8994523893192682
2021-22,MIL,PRRollMan,1.1410441587104643
2021-22,MIL,Postup,0.9654824206093011
2021-22,MIL,Spotup,1.0532446099461399
2021-22,MIL,Transition,1.1398585368622585
2021-22,MIN,Cut,1.2192288224222565
2021-22,MIN,Handoff,0.9645820335103076
2021-22,MIN,Isolation,0.979779208251928
2021-22,MIN,Misc,0.6184571194828525
2021-22,MIN,OffRebound,1.0687467953811325
2021-22,MIN,OffScreen,0.9216146041808199
2021-22,MIN,PRBallHandler,0.8909560996010213
2021-22,MIN,PRRollMan,1.1812393190873052
2021-22,MIN,Postup,0.8648872627974984
2021-22,MIN,Spotup,1.0630409526131064
2021-22,MIN,Transition,1.1052680390444434
2021-22,NOP,Cut,1.2890719839331037
2021-22,NOP,Handoff,0.8722310126795562
2021-22,NOP,Isolation,0.8045434545292705
2021-22,NOP,Misc,0.5145450116712293
2021-22,NOP,OffRebound,1.043835197291233
2021-22,NOP,OffScreen,1.022455265947292
2021-22,NOP,PRBallHandler,0.8263656199855371
2021-22,NOP,PRRollMan,1.1315594979752006
2021-22,NOP,Postup,0.9307423505403876
2021-22,NOP,Spotup,0.9805183585767466
2021-22,NOP,Transition,1.1663908192162276
2021-22,NYK,Cut,1.2847742480855717
2021-22,NYK,Handoff,1.09482368833021
2021-22,NYK,Isolation,0.8448306963825689
2021-22,NYK,Misc,0.5857391021251847
2021-22,NYK,OffRebound,1.1462600129760607
2021-22,NYK,OffScreen,0.8165129397653123
2021-22,NYK,PRBallHandler,0.8519209093885035
2021-22,NYK,PRRollMan,1.1014495072054158
2021-22,NYK,Postup,0.8310040046515174
2021-22,NYK,Spotup,1.000926651858374
2021-22,NYK,Transition,1.1401587521201082
2021-22,OKC,Cut,1.267289223235461
2021-22,OKC,Handoff,0.8168854211652717
2021-22,OKC,Isolation,0.9331098986971411
2021-22,OKC,Misc,0.515292408845045
2021-22,OKC,OffRebound,1.0859943694142808
2021-22,OKC,OffScreen,0.8973204085622029
2021-22,OKC,PRBallHandler,0.8054125026796852
2021-22,OKC,PRRollMan,1.081532583233292
2021-22,OKC,Postup,0.7770527856544979
2021-22,OKC,Spotup,0.8977808731632989
2021-22,OKC,Transition,1.1021119536357673
2021-22,ORL,Cut,1.374951265330549
2021-22,ORL,Handoff,0.8438875494967142
2021-22,ORL,Isolation,0.8791281170042652
2021-22,ORL,Misc,0.4707378724080207
2021-22,ORL,OffRebound,1.206169811356513
2021-22,ORL,OffScreen,1.0527027177985402
2021-22,ORL,PRBallHandler,0.7864154675032412
2021-22,ORL,PRRollMan,1.0417959834446204
2021-22,ORL,Postup,0.8585669894676526
2021-22,ORL,Spotup,0.9467131678637918
2021-22,ORL,Transition,1.0771941482575447
2021-22,PHI,Cut,1.2612515981409707
2021-22,PHI,Handoff,0.9948921144031998
2021-22,PHI,Isolation,0.9157890320405813
2021-22,PHI,Misc,0.5347588926932668
2021-22,PHI,OffRebound,1.0931517987093813
2021-22,PHI,OffScreen,0.9589208857865276
2021-22,PHI,PRBallHandler,0.9316542242937095
2021-22,PHI,PRRollMan,1.1816910227777473
2021-22,PHI,Postup,0.970161560601057
2021-22,PHI,Spotup,1.0457851815175467
2021-22,PHI,Transition,1.1790401778171826
2021-22,PHX,Cut,1.3463964138604023
2021-22,PHX,Handoff,0.8701614302888838
2021-22,PHX,Isolation,0.8630519920397656
2021-22,PHX,Misc,0.6233776270445948
2021-22,PHX,OffRebound,1.0919930119689685
2021-22,PHX,OffScreen,1.0006326803929968
2021-22,PHX,PRBallHandler,0.9285233237503476
2021-22,PHX,PRRollMan,1.2522367534975956
2021-22,PHX,Postup,0.9978355127403811
2021-22,PHX,Spotup,1.0628006433471913
2021-22,PHX,Transition,1.1399378802704896
2021-22,POR,Cut,1.2227624013227092
2021-22,POR,Handoff,0.8993776202299206
2021-22,POR,Isolation,0.8700256547629227
2021-22,POR,Misc,0.4887724620243834
2021-22,POR,OffRebound,1.138907284130096
2021-22,POR,OffScreen,0.8793295316810534
2021-22,POR,PRBallHandler,0.9006150800007271
2021-22,POR,PRRollMan,1.1359939665982839
2021-22,POR,Postup,0.8553173989019802
2021-22,POR,Spotup,0.984372183778077
2021-22,POR,Transition,1.0713664747411256
2021-22,SAC,Cut,1.283231585769726
2021-22,SAC,Handoff,0.8862648689494828
2021-22,SAC,Isolation,0.9065787567481146
2021-22,SAC,Misc,0.5832800271924289
2021-22,SAC,OffRebound,1.1482321675352394
2021-22,SAC,OffScreen,1.0501016150485505
2021-22,SAC,PRBallHandler,0.8833417423082
2021-22,SAC,PRRollMan,1.1240560576527792
2021-22,SAC,Postup,0.9237134887334197
2021-22,SAC,Spotup,1.000629898295121
2021-22,SAC,Transition,1.1144978990719683
2021-22,SAS,Cut,1.2407765998098648
2021-22,SAS,Handoff,0.8913973379079018
2021-22,SAS,Isolation,0.8688132194170882
2021-22,SAS,Misc,0.47664403868477545
2021-22,SAS,OffRebound,1.1363221665239802
2021-22,SAS,OffScreen,0.9489785031669591
2021-22,SAS,PRBallHandler,0.904325772806578
2021-22,SAS,PRRollMan,1.1331683356918862
2021-22,SAS,Postup,0.971406528502821
2021-22,SAS,Spotup,1.0293467627391413
2021-22,SAS,Transition,1.145575746583689
2021-22,TOR,Cut,1.22379695894084
2021-22,TOR,Handoff,0.9090656682178313
2021-22,TOR,Isolation,0.8759427915452406
2021-22,TOR,Misc,0.6427531736380885
2021-22,TOR,OffRebound,1.0509461482066507
2021-22,TOR,OffScreen,1.0145238870683715
2021-22,TOR,PRBallHandler,0.8808454093517966
2021-22,TOR,PRRollMan,1.0676968074173552
2021-22,TOR,Postup,0.9205017200403889
2021-22,TOR,Spotup,0.9840751459549429
2021-22,TOR,Transition,1.1103401006973137
2021-22,UTA,Cut,1.3537835332227461
2021-22,UTA,Handoff,0.9166650216005603
2021-22,UTA,Isolation,0.9070102597416897
2021-22,UTA,Misc,0.6581062095749834
2021-22,UTA,OffRebound,1.2184882489296467
2021-22,UTA,OffScreen,1.0325037525919634
2021-22,UTA,PRBallHandler,0.9886800883292288
2021-22,UTA,PRRollMan,1.2481432973656397
2021-22,UTA,Postup,0.998339224191724
2021-22,UTA,Spotup,1.0346654762009815
2021-22,UTA,Transition,1.0634163983395308
2021-22,WAS,Cut,1.402609559395587
2021-22,WAS,Handoff,0.9007992826357536
2021-22,WAS,Isolation,0.8712325113176311
2021-22,WAS,Misc,0.5935146800409351
2021-22,WAS,OffRebound,1.2150712408651185
2021-22,WAS,OffScreen,0.9161259236838878
2021-22,WAS,PRBallHandler,0.8789463539985546
2021-22,WAS,PRRollMan,1.190029273631523
2021-22,WAS,Postup,1.0201367917701218
2021-22,WAS,Spotup,1.0067452262048717
2021-22,WAS,Transition,1.1208255588904013
2022-23,ATL,Cut,1.354404987370572
2022-23,ATL,Handoff,0.9440385010214556
2022-23,ATL,Isolation,0.9513468318093959
2022-23,ATL,Misc,0.6108256762641985
2022-23,ATL,OffRebound,1.1385516618941325
2022-23,ATL,OffScreen,0.9735815125065392
2022-23,ATL,PRBallHandler,0.9212304527423483
2022-23,ATL,PRRollMan,1.2377030657821808
2022-23,ATL,Postup,1.007476711968672
2022-23,ATL,Spotup,0.984663718362606
2022-23,ATL,Transition,1.1444549424095383
2022-23,BKN,Cut,1.2628769689329309
2022-23,BKN,Handoff,1.0406866813921851
2022-23,BKN,Isolation,1.0502388262794926
2022-23,BKN,Misc,0.6188625906098304
2022-23,BKN,OffRebound,1.2077614295369854
2022-23,BKN,OffScreen,1.078671545521003
2022-23,BKN,PRBallHandler,0.9314759047305325
2022-23,BKN,PRRollMan,1.1550117547876133
2022-23,BKN,Postup,0.990695173831921
2022-23,BKN,Spotup,1.0638558721117355
2022-23,BKN,Transition,1.125247820951368
2022-23,BOS,Cut,1.3428679979685683
2022-23,BOS,Handoff,1.0871007791001468
2022-23,BOS,Isolation,0.9301679618959267
2022-23,BOS,Misc,0.5697908785353428
2022-23,BOS,OffRebound,1.1689627891993768
2022-23,BOS,OffScreen,1.0094465697446997
2022-23,BOS,PRBallHandler,0.9395854022370719
2022-23,BOS,PRRollMan,1.1309127727485815
2022-23,BOS,Postup,1.0323032487215427
2022-23,BOS,Spotup,1.1200982477826176
2022-23,BOS,Transition,1.1536748432048713
2022-23,CHA,Cut,1.3213229674886053
2022-23,CHA,Handoff,1.0268750939829867
2022-23,CHA,Isolation,0.9424932015682256
2022-23,CHA,Misc,0.49845623892563995
2022-23,CHA,OffRebound,1.148997168583434
2022-23,CHA,OffScreen,0.8169610240313845
2022-23,CHA,PRBallHandler,0.8221312137604454
2022-23,CHA,PRRollMan,1.1779430726865443
2022-23,CHA,Postup,1.0007710924235937
2022-23,CHA,Spotup,0.9694538474841602
2022-23,CHA,Transition,1.0986099975574397
2022-23,CHI,Cut,1.3173248687501766
2022-23,CHI,Handoff,0.927441041989569
2022-23,CHI,Isolation,1.0244281938584272
2022-23,CHI,Misc,0.47042517526093497
2022-23,CHI,OffRebound,1.098979786887539
2022-23,CHI,OffScreen,0.8939915979366105
2022-23,CHI,PRBallHandler,0.948537636534548
2022-23,CHI,PRRollMan,1.1238874028043317
2022-23,CHI,Postup,1.0959663509394406
2022-23,CHI,Spotup,1.0561823421439072
2022-23,CHI,Transition,1.156462951443008
2022-23,CLE,Cut,1.4000547045336242
2022-23,CLE,Handoff,0.9371300555243516
2022-23,CLE,Isolation,0.8911388996446223
2022-23,CLE,Misc,0.5669966752254705
2022-23,CLE,OffRebound,1.1891268935129304
2022-23,CLE,OffScreen,0.9950643933180514
2022-23,CLE,PRBallHandler,0.972367278502301
2022-23,CLE,PRRollMan,1.0544186739255832
2022-23,CLE,Postup,0.8079151684156288
2022-23,CLE,Spotup,1.026788840362828
2022-23,CLE,Transition,1.1719862129007703
2022-23,DAL,Cut,1.3896401349932808
2022-23,DAL,Handoff,0.914304115970963
2022-23,DAL,Isolation,1.0007423175281736
2022-23,DAL,Misc,0.5774900050194117
2022-23,DAL,OffRebound,1.245667681236878
2022-23,DAL,OffScreen,1.101332764077078
2022-23,DAL,PRBallHandler,1.0424770878924874
2022-23,DAL,PRRollMan,1.241054144917303
2022-23,DAL,Postup,1.1074070161189655
2022-23,DAL,Spotup,1.084621150624664
2022-23,DAL,Transition,1.106467649645839
2022-23,DEN,Cut,1.3824985428477317
2022-23,DEN,Handoff,0.8908951521425433
2022-23,DEN,Isolation,0.9314353413472475
2022-23,DEN,Misc,0.5056555835791889
2022-23,DEN,OffRebound,1.1203859868729464
2022-23,DEN,OffScreen,1.008081610750726
2022-23,DEN,PRBallHandler,0.9163097614166034
2022-23,DEN,PRRollMan,1.2513971065046978
2022-23,DEN,Postup,1.0738475692035492
2022-23,DEN,Spotup,1.072577373930233
2022-23,DEN,Transition,1.196032207134411
2022-23,DET,Cut,1.2707253137201122
2022-23,DET,Handoff,0.9099963460452435
2022-23,DET,Isolation,0.8407807936571912
2022-23,DET,Misc,0.5354347665892236
2022-23,DET,OffRebound,1.1501846766822856
2022-23,DET,OffScreen,1.0463706058981652
2022-23,DET,PRBallHandler,0.822957082054968
2022-23,DET,PRRollMan,1.1421657332911725
2022-23,DET,Postup,0.8398647071012724
2022-23,DET,Spotup,1.0063185784126616
2022-23,DET,Transition,1.1455585549927367
2022-23,GSW,Cut,1.3554417596638857
2022-23,GSW,Handoff,1.009574826294593
2022-23,GSW,Isolation,0.8408109722178785
2022-23,GSW,Misc,0.46428628858819976
2022-23,GSW,OffRebound,1.059236593924869
2022-23,GSW,OffScreen,1.0148187411721532
2022-23,GSW,PRBallHandler,0.9434472481484073
2022-23,GSW,PRRollMan,1.146227273522912
2022-23,GSW,Postup,0.8616209500215901
2022-23,GSW,Spotup,1.1027924536744538
2022-23,GSW,Transition,1.1004165081412507
2022-23,HOU,Cut,1.1450417243612074
2022-23,HOU,Handoff,0.9159121712945251
2022-23,HOU,Isolation,0.9481099895277838
2022-23,HOU,Misc,0.5184348424058337
2022-23,HOU,OffRebound,1.0917184519054313
2022-23,HOU,OffScreen,0.762169843052115
2022-23,HOU,PRBallHandler,0.842518613356806
2022-23,HOU,PRRollMan,1.1095256655250274
2022-23,HOU,Postup,1.014223695505314
2022-23,HOU,Spotup,0.9867762979216055
2022-23,HOU,Transition,1.0696578151135816
2022-23,IND,Cut,1.3211776208077077
2022-23,IND,Handoff,0.9975471390342264
2022-23,IND,Isolation,0.8726766368479093
2022-23,IND,Misc,0.5755097728892524
2022-23,IND,OffRebound,1.1076622159198335
2022-23,IND,OffScreen,0.8948303442314604
2022-23,IND,PRBallHandler,0.9198000342454499
2022-23,IND,PRRollMan,1.0681981050729235
2022-23,IND,Postup,1.0299604050778988
2022-23,IND,Spotup,1.0162963612131142
2022-23,IND,Transition,1.1697072214408806
2022-23,LAC,Cut,1.3372684528502814
2022-23,LAC,Handoff,0.9231870426105053
2022-23,LAC,Isolation,0.900130263663231
2022-23,LAC,Misc,0.5059911735249516
2022-23,LAC,OffRebound,1.0037418094798314
2022-23,LAC,OffScreen,0.9682517135906477
2022-23,LAC,PRBallHandler,0.9467784977455196
2022-23,LAC,PRRollMan,1.1908072666048664
2022-23,LAC,Postup,1.0330271243122213
2022-23,LAC,Spotup,1.105265976404248
2022-23,LAC,Transition,1.1326257024168713
2022-23,LAL,Cut,1.3359429333806485
2022-23,LAL,Handoff,0.9648323257455469
2022-23,LAL,Isolation,0.8716937276633355
2022-23,LAL,Misc,0.6605617370069519
2022-23,LAL,OffRebound,1.1905896350153482
2022-23,LAL,OffScreen,0.9357453017296458
2022-23,LAL,PRBallHandler,0.8741455029173123
2022-23,LAL,PRRollMan,1.2191788003671313
2022-23,LAL,Postup,0.9993107522596774
2022-23,LAL,Spotup,1.0473482202545343
2022-23,LAL,Transition,1.1268984265862607
2022-23,MEM,Cut,1.3357245962372593
2022-23,MEM,Handoff,0.9375969324787841
2022-23,MEM,Isolation,0.8221365468026975
2022-23,MEM,Misc,0.5779725522381614
2022-23,MEM,OffRebound,1.1246421584056392
2022-23,MEM,OffScreen,0.9747499789144363
2022-23,MEM,PRBallHandler,0.9061665525535756
2022-23,MEM,PRRollMan,1.2419287269177248
2022-23,MEM,Postup,0.9985896231461117
2022-23,MEM,Spotup,0.9915896532486308
2022-23,MEM,Transition,1.1434878963549604
2022-23,MIA,Cut,1.2295777844013822
2022-23,MIA,Handoff,0.8941349648703814
2022-23,MIA,Isolation,0.9196314512892607
2022-23,MIA,Misc,0.5762341498793409
2022-23,MIA,OffRebound,1.0805188813285262
2022-23,MIA,OffScreen,0.8640896476809548
2022-23,MIA,PRBallHandler,0.9227703790475459
2022-23,MIA,PRRollMan,1.0646378084407082
2022-23,MIA,Postup,0.9429802776328979
2022-23,MIA,Spotup,1.0719516401600517
2022-23,MIA,Transition,1.1471512275323317
2022-23,MIL,Cut,1.2907906484420666
2022-23,MIL,Handoff,0.9149012842913165
2022-23,MIL,Isolation,0.8462540016554047
2022-23,MIL,Misc,0.5335034107123277
2022-23,MIL,OffRebound,1.1798624632310344
2022-23,MIL,OffScreen,0.8727864536660147
2022-23,MIL,PRBallHandler,0.9552467880673212
2022-23,MIL,PRRollMan,1.2166363011300616
2022-23,MIL,Postup,1.000913660220885
2022-23,MIL,Spotup,1.0797279175865668
2022-23,MIL,Transition,1.1326983666361259
2022-23,MIN,Cut,1.3534514066749068
2022-23,MIN,Handoff,0.960520024046319
2022-23,MIN,Isolation,0.9152637258693899
2022-23,MIN,Misc,0.5029815465151243
2022-23,MIN,OffRebound,1.1793627119089682
2022-23,MIN,OffScreen,0.9348974363079479
2022-23,MIN,PRBallHandler,0.9443797221823228
2022-23,MIN,PRRollMan,1.2050808553160843
2022-23,MIN,Postup,0.9509267585210958
2022-23,MIN,Spotup,1.052912413620961
2022-23,MIN,Transition,1.1352732445281266
2022-23,NOP,Cut,1.2809979604183623
2022-23,NOP,Handoff,0.9037400829548876
2022-23,NOP,Isolation,0.8740605284352703
2022-23,NOP,Misc,0.4898231304413144
2022-23,NOP,OffRebound,1.1529096137358592
2022-23,NOP,OffScreen,0.889566396772775
2022-23,NOP,PRBallHandler,0.9014430701391857
2022-23,NOP,PRRollMan,1.1299421839844406
2022-23,NOP,Postup,0.9482494606463722
2022-23,NOP,Spotup,1.062974672887039
2022-23,NOP,Transition,1.128479210349151
2022-23,NYK,Cut,1.3224691845761065
2022-23,NYK,Handoff,1.0172609224652172
2022-23,NYK,Isolation,1.00422042681842
2022-23,NYK,Misc,0.6485488957930934
2022-23,NYK,OffRebound,1.1273274012065297
2022-23,NYK,OffScreen,0.9016001839132831
2022-23,NYK,PRBallHandler,0.9387849762354691
2022-23,NYK,PRRollMan,1.2235311572879684
2022-23,NYK,Postup,0.8813913385425566
2022-23,NYK,Spotup,1.0123695413265674
2022-23,NYK,Transition,1.1475456843258183
2022-23,OKC,Cut,1.2726797138224306
2022-23,OKC,Handoff,1.0544578321917406
2022-23,OKC,Isolation,0.9717923107257903
2022-23,OKC,Misc,0.5749251296203098
2022-23,OKC,OffRebound,0.9928858358527802
2022-23,OKC,OffScreen,1.1113406519199303
2022-23,OKC,PRBallHandler,0.9235902955763864
2022-23,OKC,PRRollMan,1.083355459512449
2022-23,OKC,Postup,0.9934926613815455
2022-23,OKC,Spotup,0.9943892258387759
2022-23,OKC,Transition,1.1293951547545722
2022-23,ORL,Cut,1.3760984437636699
2022-23,ORL,Handoff,0.8145648714090634
2022-23,ORL,Isolation,0.8127593400160013
2022-23,ORL,Misc,0.5838199708752952
2022-23,ORL,OffRebound,1.219407163594647
2022-23,ORL,OffScreen,1.0275256791673213
2022-23,ORL,PRBallHandler,0.9174520699151778
2022-23,ORL,PRRollMan,1.0844969474724442
2022-23,ORL,Postup,0.9886885980822206
2022-23,ORL,Spotup,1.0006503082918914
2022-23,ORL,Transition,1.1058630474367543
2022-23,PHI,Cut,1.2609601087157574
2022-23,PHI,Handoff,1.0139585041496564
2022-23,PHI,Isolation,0.9933025444331298
2022-23,PHI,Misc,0.5327054140973838
2022-23,PHI,OffRebound,1.1095923511532082
2022-23,PHI,OffScreen,0.7636102278574629
2022-23,PHI,PRBallHandler,0.8926309949189606
2022-23,PHI,PRRollMan,1.1575858828697239
2022-23,PHI,Postup,1.0674717068141029
2022-23,PHI,Spotup,1.1300791632068643
2022-23,PHI,Transition,1.1777615887940265
2022-23,PHX,Cut,1.2368491731320397
2022-23,PHX,Handoff,0.8358954573060327
2022-23,PHX,Isolation,0.911253580799532
2022-23,PHX,Misc,0.5259879148041129
2022-23,PHX,OffRebound,1.0691697060427277
2022-23,PHX,OffScreen,1.0588306486796788
2022-23,PHX,PRBallHandler,0.9075678447353412
2022-23,PHX,PRRollMan,1.1471749692006532
2022-23,PHX,Postup,0.9974215966520099
2022-23,PHX,Spotup,1.0678597121184732
2022-23,PHX,Transition,1.131365446463214
2022-23,POR,Cut,1.2464268981289157
2022-23,POR,Handoff,1.0517854204559423
2022-23,POR,Isolation,0.9761063808868528
2022-23,POR,Misc,0.5303350646834274
2022-23,POR,OffRebound,1.155385733993356
2022-23,POR,OffScreen,1.035856176289332
2022-23,POR,PRBallHandler,0.9687643180838442
2022-23,POR,PRRollMan,1.1403453394334422
2022-23,POR,Postup,0.9498453246783914
2022-23,POR,Spotup,1.0312172525231624
2022-23,POR,Transition,1.1492538574683486
2022-23,SAC,Cut,1.3467931741169932
2022-23,SAC,Handoff,1.074757752891339
2022-23,SAC,Isolation,1.0314658507961538
2022-23,SAC,Misc,0.6654450791383407
2022-23,SAC,OffRebound,1.109565022010225
2022-23,SAC,OffScreen,0.9455610677182947
2022-23,SAC,PRBallHandler,0.9764562115204535
2022-23,SAC,PRRollMan,1.2091642311125244
2022-23,SAC,Postup,0.9943130396934211
2022-23,SAC,Spotup,1.0772294418650878
2022-23,SAC,Transition,1.0938198649601794
2022-23,SAS,Cut,1.2502540607411516
2022-23,SAS,Handoff,0.9329608358076227
2022-23,SAS,Isolation,0.7738277531725153
2022-23,SAS,Misc,0.42590485354401125
2022-23,SAS,OffRebound,1.2335287730613178
2022-23,SAS,OffScreen,0.9798573700004696
2022-23,SAS,PRBallHandler,0.8658026926884262
2022-23,SAS,PRRollMan,1.0737085390842134
2022-23,SAS,Postup,0.9863965681354729
2022-23,SAS,Spotup,1.0014871223966089
2022-23,SAS,Transition,1.082531517102888
2022-23,TOR,Cut,1.2461273194362037
2022-23,TOR,Handoff,0.9745912609561294
2022-23,TOR,Isolation,0.8600825680516222
2022-23,TOR,Misc,0.6021472080734374
2022-23,TOR,OffRebound,1.1200592205644748
2022-23,TOR,OffScreen,0.9051497833599498
2022-23,TOR,PRBallHandler,0.862787923878039
2022-23,TOR,PRRollMan,1.0566750176575743
2022-23,TOR,Postup,0.9633633303750603
2022-23,TOR,Spotup,0.995382605110376
2022-23,TOR,Transition,1.1348699189635794
2022-23,UTA,Cut,1.2783484320647072
2022-23,UTA,Handoff,1.043096195018203
2022-23,UTA,Isolation,1.0430754307803236
2022-23,UTA,Misc,0.5316938066577945
2022-23,UTA,OffRebound,1.126723534561969
2022-23,UTA,OffScreen,0.9704966970129978
2022-23,UTA,PRBallHandler,0.9054082681489949
2022-23,UTA,PRRollMan,1.195558541278396
2022-23,UTA,Postup,0.8407683438858453
2022-23,UTA,Spotup,1.033739235269511
2022-23,UTA,Transition,1.0895110364600489
2022-23,WAS,Cut,1.349284038529762
2022-23,WAS,Handoff,0.9957789509360622
2022-23,WAS,Isolation,0.9366251190406547
2022-23,WAS,Misc,0.6409634720951732
2022-23,WAS,OffRebound,1.230406621545203
2022-23,WAS,OffScreen,0.9268249935440113
2022-23,WAS,PRBallHandler,0.9084342562578617
2022-23,WAS,PRRollMan,1.181469949555712
2022-23,WAS,Postup,1.0163706734897984
2022-23,WAS,Spotup,1.0194371334048413
2022-23,WAS,Transition,1.1592497159223
2023-24,ATL,Cut,1.2847330184888415
2023-24,ATL,Handoff,0.8624631774152596
2023-24,ATL,Isolation,1.0061808510538348
2023-24,ATL,Misc,0.5167921385740283
2023-24,ATL,OffRebound,1.0358065173044213
2023-24,ATL,OffScreen,0.9863888569046954
2023-24,ATL,PRBallHandler,0.9295199907973206
2023-24,ATL,PRRollMan,1.233390044975378
2023-24,ATL,Postup,0.8992077260072725
2023-24,ATL,Spotup,1.0592126508147768
2023-24,ATL,Transition,1.097812483175731
2023-24,BKN,Cut,1.225862818145603
2023-24,BKN,Handoff,0.9753822564897604
2023-24,BKN,Isolation,0.8751809294144217
2023-24,BKN,Misc,0.5708421392355407
2023-24,BKN,OffRebound,1.141237554254583
2023-24,BKN,OffScreen,0.9454371837825855
2023-24,BKN,PRBallHandler,0.850173856491261
2023-24,BKN,PRRollMan,1.1608490418379847
2023-24,BKN,Postup,1.1438019062439218
2023-24,BKN,Spotup,1.0687186453070863
2023-24,BKN,Transition,1.1048789207721108
2023-24,BOS,Cut,1.3783601547353026
2023-24,BOS,Handoff,0.8698525483558041
2023-24,BOS,Isolation,0.9733309273427591
2023-24,BOS,Misc,0.6129885468513436
2023-24,BOS,OffRebound,1.0979950163835455
2023-24,BOS,OffScreen,1.1887144860541499
2023-24,BOS,PRBallHandler,0.9345930694028882
2023-24,BOS,PRRollMan,1.224317455839921
2023-24,BOS,Postup,1.0884996406522587
2023-24,BOS,Spotup,1.13400082760651
2023-24,BOS,Transition,1.1766884355247518
2023-24,CHA,Cut,1.3199055426341137
2023-24,CHA,Handoff,0.9963969052677406
2023-24,CHA,Isolation,0.8631305657598805
2023-24,CHA,Misc,0.439971877632134
2023-24,CHA,OffRebound,1.1825738795721048
2023-24,CHA,OffScreen,1.086596305968402
2023-24,CHA,PRBallHandler,0.8783036801050366
2023-24,CHA,PRRollMan,1.1374922572920072
2023-24,CHA,Postup,0.9763983896472235
2023-24,CHA,Spotup,0.9561862277169516
2023-24,CHA,Transition,1.1249599623759707
2023-24,CHI,Cut,1.3179830891425237
2023-24,CHI,Handoff,0.9484120393052484
2023-24,CHI,Isolation,0.953985863580789
2023-24,CHI,Misc,0.6117798192917395
2023-24,CHI,OffRebound,1.0283787258536214
2023-24,CHI,OffScreen,0.9460208623274944
2023-24,CHI,PRBallHandler,0.957839811265643
2023-24,CHI,PRRollMan,1.1166270557661728
2023-24,CHI,Postup,0.9906229788175723
2023-24,CHI,Spotup,1.0129746098181942
2023-24,CHI,Transition,1.155175093311186
2023-24,CLE,Cut,1.3511662934679805
2023-24,CLE,Handoff,0.9326555980303297
2023-24,CLE,Isolation,0.859767520147028
2023-24,CLE,Misc,0.528399096355307
2023-24,CLE,OffRebound,1.2059399491430183
2023-24,CLE,OffScreen,0.9056711264778319
2023-24,CLE,PRBallHandler,0.902902675209367
2023-24,CLE,PRRollMan,1.1831101305742358
2023-24,CLE,Postup,0.8330547235106752
2023-24,CLE,Spotup,1.0468625597089838
2023-24,CLE,Transition,1.1839212103191017
2023-24,DAL,Cut,1.3831058347726748
2023-24,DAL,Handoff,0.9904449671360659
2023-24,DAL,Isolation,1.030563763926323
2023-24,DAL,Misc,0.6412247536333376
2023-24,DAL,OffRebound,1.1313827698520822
2023-24,DAL,OffScreen,0.8719839090973867
2023-24,DAL,PRBallHandler,0.9943067005844968
2023-24,DAL,PRRollMan,1.1651793427958494
2023-24,DAL,Postup,0.9967357870187503
2023-24,DAL,Spotup,1.0822891347072512
2023-24,DAL,Transition,1.1364147319979414
2023-24,DEN,Cut,1.3095567046885475
2023-24,DEN,Handoff,0.9899958777755563
2023-24,DEN,Isolation,0.8748078415381795
2023-24,DEN,Misc,0.5124613134219475
2023-24,DEN,OffRebound,1.1320276876250785
2023-24,DEN,OffScreen,1.1152189920314075
2023-24,DEN,PRBallHandler,0.9003478325136467
2023-24,DEN,PRRollMan,1.2529647605096135
2023-24,DEN,Postup,1.093284471742506
2023-24,DEN,Spotup,1.0713970995837656
2023-24,DEN,Transition,1.1191329659463354
2023-24,DET,Cut,1.28485968150628
2023-24,DET,Handoff,0.9702887756265303
2023-24,DET,Isolation,0.8891404983789853
2023-24,DET,Misc,0.4296747226645652
2023-24,DET,OffRebound,1.0842169129791523
2023-24,DET,OffScreen,0.9659585180065853
2023-24,DET,PRBallHandler,0.8741383170153867
2023-24,DET,PRRollMan,1.1740314267687924
2023-24,DET,Postup,0.9330807347779789
2023-24,DET,Spotup,0.9628070710773017
2023-24,DET,Transition,1.115821107062277
2023-24,GSW,Cut,1.3209099152427664
2023-24,GSW,Handoff,1.018310216033659
2023-24,GSW,Isolation,1.0071727954997447
2023-24,GSW,Misc,0.5360576444496873
2023-24,GSW,OffRebound,1.0706361070388457
2023-24,GSW,OffScreen,1.1123732172207805
2023-24,GSW,PRBallHandler,0.9182924543481396
2023-24,GSW,PRRollMan,1.085168544266873
2023-24,GSW,Postup,0.9218531767889142
2023-24,GSW,Spotup,1.0566363173834834
2023-24,GSW,Transition,1.144012696920059
2023-24,HOU,Cut,1.203591025014712
2023-24,HOU,Handoff,1.0258281683142156
2023-24,HOU,Isolation,0.7830897608762701
2023-24,HOU,Misc,0.5254039669357536
2023-24,HOU,OffRebound,1.1356641425113767
2023-24,HOU,OffScreen,0.925016736200502
2023-24,HOU,PRBallHandler,0.9331459791622845
2023-24,HOU,PRRollMan,1.1269619960698387
2023-24,HOU,Postup,0.9850266213829094
2023-24,HOU,Spotup,1.0296405294865838
2023-24,HOU,Transition,1.1020363913397169
2023-24,IND,Cut,1.405197791445617
2023-24,IND,Handoff,0.9628460740022446
2023-24,IND,Isolation,0.9957468310207992
2023-24,IND,Misc,0.5399445017512652
2023-24,IND,OffRebound,1.1852979984200835
2023-24,IND,OffScreen,0.9691194344778599
2023-24,IND,PRBallHandler,0.9768541974217047
2023-24,IND,PRRollMan,1.247198336250002
2023-24,IND,Postup,1.1225390841336607
2023-24,IND,Spotup,1.0375348934083752
2023-24,IND,Transition,1.1951728595609525
2023-24,LAC,Cut,1.3448116082662813
2023-24,LAC,Handoff,0.921701909009674
2023-24,LAC,Isolation,1.0016709933488936
2023-24,LAC,Misc,0.4559764341191049
2023-24,LAC,OffRebound,1.1404932294282726
2023-24,LAC,OffScreen,1.0526251772768638
2023-24,LAC,PRBallHandler,0.93835576264917
2023-24,LAC,PRRollMan,1.1885327309019151
2023-24,LAC,Postup,1.0619538049102726
2023-24,LAC,Spotup,1.132061003558492
2023-24,LAC,Transition,1.1415285633234042
2023-24,LAL,Cut,1.410663189688746
2023-24,LAL,Handoff,0.9247885136269196
2023-24,LAL,Isolation,0.9236378746970166
2023-24,LAL,Misc,0.6607316892064133
2023-24,LAL,OffRebound,1.1367701366373455
2023-24,LAL,OffScreen,1.1201274011131879
2023-24,LAL,PRBallHandler,0.9470476003841527
2023-24,LAL,PRRollMan,1.1814505204295331
2023-24,LAL,Postup,1.0343975926848148
2023-24,LAL,Spotup,1.0607995259310872
2023-24,LAL,Transition,1.1799809998771904
2023-24,MEM,Cut,1.2420795751871052
2023-24,MEM,Handoff,0.8184837388505531
2023-24,MEM,Isolation,0.8929915933881037
2023-24,MEM,Misc,0.5319533275841316
2023-24,MEM,OffRebound,1.027747344203293
2023-24,MEM,OffScreen,0.9995217786867383
2023-24,MEM,PRBallHandler,0.833698873924526
2023-24,MEM,PRRollMan,0.9832763340705213
2023-24,MEM,Postup,0.976750867739414
2023-24,MEM,Spotup,0.9888298328673018
2023-24,MEM,Transition,1.0895391366937972
2023-24,MIA,Cut,1.2725080928734072
2023-24,MIA,Handoff,0.9762829147322772
2023-24,MIA,Isolation,0.981657359677902
2023-24,MIA,Misc,0.5629511427491661
2023-24,MIA,OffRebound,1.110568529301862
2023-24,MIA,OffScreen,1.1255471110722859
2023-24,MIA,PRBallHandler,0.872731070623936
2023-24,MIA,PRRollMan,1.0440475454628657
2023-24,MIA,Postup,0.9860608346264343
2023-24,MIA,Spotup,1.0608780017742505
2023-24,MIA,Transition,1.1255555993747526
2023-24,MIL,Cut,1.3832890450111515
2023-24,MIL,Handoff,1.0255477598819769
2023-24,MIL,Isolation,0.9595560533648358
2023-24,MIL,Misc,0.5832254364190226
2023-24,MIL,OffRebound,1.1817406418787526
2023-24,MIL,OffScreen,0.8562558021479777
2023-24,MIL,PRBallHandler,0.9844751902166573
2023-24,MIL,PRRollMan,1.1465911780078446
2023-24,MIL,Postup,1.0039527153360839
2023-24,MIL,Spotup,1.0684433773418938
2023-24,MIL,Transition,1.1885664182482762
2023-24,MIN,Cut,1.2662312108408686
2023-24,MIN,Handoff,0.9916800645779982
2023-24,MIN,Isolation,0.9302773463520582
2023-24,MIN,Misc,0.5649880875413453
2023-24,MIN,OffRebound,1.2160974236480062
2023-24,MIN,OffScreen,1.0199622773142982
2023-24,MIN,PRBallHandler,0.8954454494230258
2023-24,MIN,PRRollMan,1.244785708392636
2023-24,MIN,Postup,1.0037706945030007
2023-24,MIN,Spotup,1.0165617098691502
2023-24,MIN,Transition,1.1594096099419977
2023-24,NOP,Cut,1.34892171032903
2023-24,NOP,Handoff,0.9169721480608772
2023-24,NOP,Isolation,1.0022761514758811
2023-24,NOP,Misc,0.5189217523887315
2023-24,NOP,OffRebound,1.1572211525359406
2023-24,NOP,OffScreen,1.0535058811648461
2023-24,NOP,PRBallHandler,0.9511215743955872
2023-24,NOP,PRRollMan,1.1416825859267252
2023-24,NOP,Postup,1.0139660130742636
2023-24,NOP,Spotup,1.122873427578154
2023-24,NOP,Transition,1.1234718421446477
2023-24,NYK,Cut,1.2834595067693906
2023-24,NYK,Handoff,0.9302122505320243
2023-24,NYK,Isolation,0.8837666969391479
2023-24,NYK,Misc,0.5685482704662832
2023-24,NYK,OffRebound,1.1270355321684278
2023-24,NYK,OffScreen,1.0984698668928727
2023-24,NYK,PRBallHandler,0.9462984190781762
2023-24,NYK,PRRollMan,1.0560997355898178
2023-24,NYK,Postup,0.9422272857137951
2023-24,NYK,Spotup,1.051632110817987
2023-24,NYK,Transition,1.1690767137204086
2023-24,OKC,Cut,1.350156793539587
2023-24,OKC,Handoff,0.9959538909238045
2023-24,OKC,Isolation,1.0110736251143086
2023-24,OKC,Misc,0.6533518058405267
2023-24,OKC,OffRebound,1.1188326257413193
2023-24,OKC,OffScreen,1.0196784241736936
2023-24,OKC,PRBallHandler,0.9908013333710608
2023-24,OKC,PRRollMan,1.1948537503844339
2023-24,OKC,Postup,1.1069373596950738
2023-24,OKC,Spotup,1.080760794362825
2023-24,OKC,Transition,1.1420369934744723
2023-24,ORL,Cut,1.3520054243186654
2023-24,ORL,Handoff,0.938834551980368
2023-24,ORL,Isolation,0.9306079595355777
2023-24,ORL,Misc,0.6377479296028759
2023-24,ORL,OffRebound,1.125964757699438
2023-24,ORL,OffScreen,0.9106506606422619
2023-24,ORL,PRBallHandler,0.8503747567492139
2023-24,ORL,PRRollMan,1.12133625729657
2023-24,ORL,Postup,0.9005249452815268
2023-24,ORL,Spotup,1.0365843186108077
2023-24,ORL,Transition,1.1095886226192055
2023-24,PHI,Cut,1.2393679685532129
2023-24,PHI,Handoff,0.9254989089359558
2023-24,PHI,Isolation,0.9460104855099875
2023-24,PHI,Misc,0.5120724185520927
2023-24,PHI,OffRebound,1.1146238594604727
2023-24,PHI,OffScreen,0.9814756608127096
2023-24,PHI,PRBallHandler,0.9371598633235517
2023-24,PHI,PRRollMan,1.0794940980520338
2023-24,PHI,Postup,1.0417337093562382
2023-24,PHI,Spotup,1.0264930452778875
2023-24,PHI,Transition,1.1301825648798545
2023-24,PHX,Cut,1.3710906786330759
2023-24,PHX,Handoff,0.9574186660082701
2023-24,PHX,Isolation,0.9400943071669464
2023-24,PHX,Misc,0.46107243000690945
2023-24,PHX,OffRebound,1.026661653664815
2023-24,PHX,OffScreen,1.0328997793416537
2023-24,PHX,PRBallHandler,1.0337834819210199
2023-24,PHX,PRRollMan,1.1307692021396916
2023-24,PHX,Postup,0.9384635926196699
2023-24,PHX,Spotup,1.1013297995391225
2023-24,PHX,Transition,1.199629267112857
2023-24,POR,Cut,1.2188200427265796
2023-24,POR,Handoff,0.8635594063977363
2023-24,POR,Isolation,0.7773791673024788
2023-24,POR,Misc,0.5084373597880151
2023-24,POR,OffRebound,1.15453970780841
2023-24,POR,OffScreen,0.9686412199731761
2023-24,POR,PRBallHandler,0.8175621643675699
2023-24,POR,PRRollMan,1.014742466715902
2023-24,POR,Postup,0.9455376699838951
2023-24,POR,Spotup,0.9724963288651054
2023-24,POR,Transition,0.9944145875055121
2023-24,SAC,Cut,1.297267965686424
2023-24,SAC,Handoff,1.0093544152060077
2023-24,SAC,Isolation,0.9369097532793
2023-24,SAC,Misc,0.5822116065439294
2023-24,SAC,OffRebound,1.21928854037576
2023-24,SAC,OffScreen,0.8742240461992872
2023-24,SAC,PRBallHandler,0.9392786742850151
2023-24,SAC,PRRollMan,1.179610407159719
2023-24,SAC,Postup,0.960802612071712
2023-24,SAC,Spotup,1.049220098562486
2023-24,SAC,Transition,1.181047878520167
2023-24,SAS,Cut,1.2930737532756464
2023-24,SAS,Handoff,0.8929849033488247
2023-24,SAS,Isolation,0.9105857457046034
2023-24,SAS,Misc,0.4265965032835044
2023-24,SAS,OffRebound,1.065975164869626
2023-24,SAS,OffScreen,1.0513379458915657
2023-24,SAS,PRBallHandler,0.8477625413353497
2023-24,SAS,PRRollMan,1.0933763078552785
2023-24,SAS,Postup,0.8763003027679946
2023-24,SAS,Spotup,0.9951299895206492
2023-24,SAS,Transition,1.114617219457675
2023-24,TOR,Cut,1.3505542209240746
2023-24,TOR,Handoff,0.8822388006110482
2023-24,TOR,Isolation,0.8388069288674543
2023-24,TOR,Misc,0.5078826917206816
2023-24,TOR,OffRebound,1.1488168582210954
2023-24,TOR,OffScreen,0.9984685907171901
2023-24,TOR,PRBallHandler,0.8182199917733192
2023-24,TOR,PRRollMan,1.120753991815997
2023-24,TOR,Postup,0.9691808431010921
2023-24,TOR,Spotup,0.9990985921452019
2023-24,TOR,Transition,1.1371595333857716
2023-24,UTA,Cut,1.254656321772711
2023-24,UTA,Handoff,0.8999598906953635
2023-24,UTA,Isolation,0.8538899550360886
2023-24,UTA,Misc,0.4648124646507606
2023-24,UTA,OffRebound,1.176310011380318
2023-24,UTA,OffScreen,0.9991607289819783
2023-24,UTA,PRBallHandler,0.8280206472567473
2023-24,UTA,PRRollMan,1.2418915239113537
2023-24,UTA,Postup,0.9669090026416178
2023-24,UTA,Spotup,1.0268921984689297
2023-24,UTA,Transition,1.1163067152415564
2023-24,WAS,Cut,1.256804590150237
2023-24,WAS,Handoff,0.8488982778213073
2023-24,WAS,Isolation,0.8640588988069081
2023-24,WAS,Misc,0.5111519880309042
2023-24,WAS,OffRebound,1.1657531864312785
2023-24,WAS,OffScreen,1.0655309338228778
2023-24,WAS,PRBallHandler,0.8395165012387554
2023-24,WAS,PRRollMan,1.1454180113543069
2023-24,WAS,Postup,0.9999133940252157
2023-24,WAS,Spotup,1.0336140202436905
2023-24,WAS,Transition,1.189138412140878
2024-25,ATL,Cut,1.2830612202541738
2024-25,ATL,Handoff,0.9083024288935222
2024-25,ATL,Isolation,0.7783520959958297
2024-25,ATL,Misc,0.5712311337822701
2024-25,ATL,OffRebound,1.0457155418224198
2024-25,ATL,OffScreen,0.8688862221686503
2024-25,ATL,PRBallHandler,0.9073573658504978
2024-25,ATL,PRRollMan,1.1305140899528106
2024-25,ATL,Postup,0.96799195281546
2024-25,ATL,Spotup,1.0518689888638475
2024-25,ATL,Transition,1.1141114602752273
2024-25,BKN,Cut,1.2282824425456988
2024-25,BKN,Handoff,0.8827280789504661
2024-25,BKN,Isolation,0.8748080746174205
2024-25,BKN,Misc,0.46332583000782795
2024-25,BKN,OffRebound,1.0654923166598715
2024-25,BKN,OffScreen,0.9883765029887068
2024-25,BKN,PRBallHandler,0.8412788730123566
2024-25,BKN,PRRollMan,0.9855334016695214
2024-25,BKN,Postup,0.8894994033270005
2024-25,BKN,Spotup,1.0036717446332173
2024-25,BKN,Transition,1.0854383146173654
2024-25,BOS,Cut,1.3823397645149966
2024-25,BOS,Handoff,1.048514515351218
2024-25,BOS,Isolation,0.9402057899913138
2024-25,BOS,Misc,0.5075285680552597
2024-25,BOS,OffRebound,1.0456071329186067
2024-25,BOS,OffScreen,1.1209083593353806
2024-25,BOS,PRBallHandler,0.9859470950761264
2024-25,BOS,PRRollMan,1.080487832548979
2024-25,BOS,Postup,0.9987677988661235
2024-25,BOS,Spotup,1.1720824514703256
2024-25,BOS,Transition,1.14007963338423
2024-25,CHA,Cut,1.2444393686005437
2024-25,CHA,Handoff,0.831911200601592
2024-25,CHA,Isolation,0.9118740179588208
2024-25,CHA,Misc,0.4323507730630361
2024-25,CHA,OffRebound,1.0790270753038584
2024-25,CHA,OffScreen,0.8794857844113397
2024-25,CHA,PRBallHandler,0.8047099044195828
2024-25,CHA,PRRollMan,1.0674895355736858
2024-25,CHA,Postup,0.981099842120361
2024-25,CHA,Spotup,1.0103405388676723
2024-25,CHA,Transition,1.0257511074225092
2024-25,CHI,Cut,1.3577140324327746
2024-25,CHI,Handoff,0.9192675567392494
2024-25,CHI,Isolation,0.9614529611890222
2024-25,CHI,Misc,0.47555684200993986
2024-25,CHI,OffRebound,1.0929201226823881
2024-25,CHI,OffScreen,0.8927675562078724
2024-25,CHI,PRBallHandler,0.9111312987938589
2024-25,CHI,PRRollMan,1.1370565517571178
2024-25,CHI,Postup,0.9643174174167624
2024-25,CHI,Spotup,1.016480117107994
2024-25,CHI,Transition,1.1480651628975966
2024-25,CLE,Cut,1.407096577111129
2024-25,CLE,Handoff,1.0318164138515717
2024-25,CLE,Isolation,0.9383477616876263
2024-25,CLE,Misc,0.6094413059953011
2024-25,CLE,OffRebound,1.1513104389054567
2024-25,CLE,OffScreen,1.0158770858775616
2024-25,CLE,PRBallHandler,0.9905690958436321
2024-25,CLE,PRRollMan,1.2455668532364996
2024-25,CLE,Postup,1.0592243432612272
2024-25,CLE,Spotup,1.1333166093316596
2024-25,CLE,Transition,1.183458852187747
2024-25,DAL,Cut,1.4039650270445785
2024-25,DAL,Handoff,1.0095533652003859
2024-25,DAL,Isolation,0.944117380210209
2024-25,DAL,Misc,0.5270115567489557
2024-25,DAL,OffRebound,1.230657192040826
2024-25,DAL,OffScreen,0.9728707338286705
2024-25,DAL,PRBallHandler,0.9320611678165774
2024-25,DAL,PRRollMan,1.1085088427591598
2024-25,DAL,Postup,0.9847590893115408
2024-25,DAL,Spotup,1.06132201270984
2024-25,DAL,Transition,1.1182464175294513
2024-25,DEN,Cut,1.3538907691358795
2024-25,DEN,Handoff,0.9477262198280705
2024-25,DEN,Isolation,0.9383286300180602
2024-25,DEN,Misc,0.5654582455151576
2024-25,DEN,OffRebound,1.1469126451805949
2024-25,DEN,OffScreen,0.9884712445602714
2024-25,DEN,PRBallHandler,0.936671391888906
2024-25,DEN,PRRollMan,1.192376244469875
2024-25,DEN,Postup,0.9937618566608535
2024-25,DEN,Spotup,1.076364252354282
2024-25,DEN,Transition,1.1798834937300053
2024-25,DET,Cut,1.3828005761467568
2024-25,DET,Handoff,1.0049291814065051
2024-25,DET,Isolation,0.8786590852070898
2024-25,DET,Misc,0.4318399223448776
2024-25,DET,OffRebound,1.1125535449348358
2024-25,DET,OffScreen,1.007468345082973
2024-25,DET,PRBallHandler,0.8979780407400172
2024-25,DET,PRRollMan,1.1292335354642038
2024-25,DET,Postup,1.0348942142392499
2024-25,DET,Spotup,1.0805142596615034
2024-25,DET,Transition,1.1241393230602135
2024-25,GSW,Cut,1.25176159025365
2024-25,GSW,Handoff,0.9504920889727339
2024-25,GSW,Isolation,0.8512427326094887
2024-25,GSW,Misc,0.49045583535245707
2024-25,GSW,OffRebound,0.9971131219853107
2024-25,GSW,OffScreen,1.0730948523296848
2024-25,GSW,PRBallHandler,0.8322551759224556
2024-25,GSW,PRRollMan,1.0559281333928359
2024-25,GSW,Postup,0.9037031706505267
2024-25,GSW,Spotup,1.0481702511233701
2024-25,GSW,Transition,1.1516428355627075
2024-25,HOU,Cut,1.2397570799528959
2024-25,HOU,Handoff,0.8980319947651669
2024-25,HOU,Isolation,0.8624884311052787
2024-25,HOU,Misc,0.5640110175307393
2024-25,HOU,OffRebound,1.0820136550592037
2024-25,HOU,OffScreen,1.0313678568513782
2024-25,HOU,PRBallHandler,0.9015688233177213
2024-25,HOU,PRRollMan,0.9891291104741109
2024-25,HOU,Postup,1.049242038977421
2024-25,HOU,Spotup,0.957695865990576
2024-25,HOU,Transition,1.1213401557464562
2024-25,IND,Cut,1.3461702125765873
2024-25,IND,Handoff,1.000091409944919
2024-25,IND,Isolation,0.9320601125339261
2024-25,IND,Misc,0.5251845032340036
2024-25,IND,OffRebound,1.0891257956430982
2024-25,IND,OffScreen,1.1964772609647074
2024-25,IND,PRBallHandler,0.9773879951135733
2024-25,IND,PRRollMan,1.1078383843676731
2024-25,IND,Postup,1.0778091584204474
2024-25,IND,Spotup,1.0811349436391713
2024-25,IND,Transition,1.2094617868439892
2024-25,LAC,Cut,1.3185500757073667
2024-25,LAC,Handoff,1.0123182226995953
2024-25,LAC,Isolation,0.9082445025155372
2024-25,LAC,Misc,0.41153623093446745
2024-25,LAC,OffRebound,1.180035858193615
2024-25,LAC,OffScreen,0.9747361873558863
2024-25,LAC,PRBallHandler,0.8958378997603197
2024-25,LAC,PRRollMan,1.1266942575643706
2024-25,LAC,Postup,1.0826056065309415
2024-25,LAC,Spotup,1.0956682564513092
2024-25,LAC,Transition,1.125795354492713
2024-25,LAL,Cut,1.3990671561537789
2024-25,LAL,Handoff,0.8890522041139554
2024-25,LAL,Isolation,0.9716217322939517
2024-25,LAL,Misc,0.5229144453994357
2024-25,LAL,OffRebound,1.1422560208074097
2024-25,LAL,OffScreen,1.0360549325316637
2024-25,LAL,PRBallHandler,0.9275913132766007
2024-25,LAL,PRRollMan,1.1285099316219462
2024-25,LAL,Postup,0.9765511016886945
2024-25,LAL,Spotup,1.1256153764660437
2024-25,LAL,Transition,1.1171634779157273
2024-25,MEM,Cut,1.2793977767228584
2024-25,MEM,Handoff,0.9674482893739448
2024-25,MEM,Isolation,0.9311597117011274
2024-25,MEM,Misc,0.4993727448040122
2024-25,MEM,OffRebound,1.086800184605803
2024-25,MEM,OffScreen,1.098392596139464
2024-25,MEM,PRBallHandler,0.8106402207940591
2024-25,MEM,PRRollMan,1.0725960226667492
2024-25,MEM,Postup,1.0185241445703757
2024-25,MEM,Spotup,1.0355789769109935
2024-25,MEM,Transition,1.1480568716684116
2024-25,MIA,Cut,1.1913068557340387
2024-25,MIA,Handoff,1.0128607411005617
2024-25,MIA,Isolation,0.942542068802561
2024-25,MIA,Misc,0.49666320273822473
2024-25,MIA,OffRebound,1.05890210371859
2024-25,MIA,OffScreen,0.956154014421798
2024-25,MIA,PRBallHandler,0.9052303589034172
2024-25,MIA,PRRollMan,1.0474479724909471
2024-25,MIA,Postup,0.9395241429909845
2024-25,MIA,Spotup,0.9985232779819883
2024-25,MIA,Transition,1.1728533488035175
2024-25,MIL,Cut,1.3434345916055508
2024-25,MIL,Handoff,1.065765897696981
2024-25,MIL,Isolation,0.9297387665430693
2024-25,MIL,Misc,0.4956762183267244
2024-25,MIL,OffRebound,1.2560831999863342
2024-25,MIL,OffScreen,1.0355705635459964
2024-25,MIL,PRBallHandler,0.9371716104909189
2024-25,MIL,PRRollMan,1.1300400152867562
2024-25,MIL,Postup,0.9894765222490522
2024-25,MIL,Spotup,1.1117613827209902
2024-25,MIL,Transition,1.1585272696083568
2024-25,MIN,Cut,1.270706462048842
2024-25,MIN,Handoff,0.9422443180068091
2024-25,MIN,Isolation,0.8443107428777479
2024-25,MIN,Misc,0.5300664107010562
2024-25,MIN,OffRebound,1.2052488300871416
2024-25,MIN,OffScreen,1.0089220274225665
2024-25,MIN,PRBallHandler,0.9343482712442737
2024-25,MIN,PRRollMan,1.135106743899464
2024-25,MIN,Postup,1.0002647300515668
2024-25,MIN,Spotup,1.0825831572357292
2024-25,MIN,Transition,1.1307233600853417
2024-25,NOP,Cut,1.1928631067794586
2024-25,NOP,Handoff,0.8977241119243776
2024-25,NOP,Isolation,0.8178627303264681
2024-25,NOP,Misc,0.46465136094907933
2024-25,NOP,OffRebound,1.1077932829291917
2024-25,NOP,OffScreen,0.9118446952360667
2024-25,NOP,PRBallHandler,0.8286171070373897
2024-25,NOP,PRRollMan,1.0764403017328583
2024-25,NOP,Postup,0.9396087260448295
2024-25,NOP,Spotup,1.0183182700717375
2024-25,NOP,Transition,1.172731275986282
2024-25,NYK,Cut,1.2974222507666142
2024-25,NYK,Handoff,0.9391089021130334
2024-25,NYK,Isolation,0.932960101682641
2024-25,NYK,Misc,0.5018404386789589
2024-25,NYK,OffRebound,1.159487700238281
2024-25,NYK,OffScreen,0.9965489216075926
2024-25,NYK,PRBallHandler,0.9933823142045458
2024-25,NYK,PRRollMan,1.1132968371625933
2024-25,NYK,Postup,0.9792004160864881
2024-25,NYK,Spotup,1.0635122679816207
2024-25,NYK,Transition,1.1539567229556338
2024-25,OKC,Cut,1.2997786487381036
2024-25,OKC,Handoff,0.9854265655619904
2024-25,OKC,Isolation,0.9716915624296267
2024-25,OKC,Misc,0.5934447834448067
2024-25,OKC,OffRebound,1.2368737673374555
2024-25,OKC,OffScreen,0.9662089125143136
2024-25,OKC,PRBallHandler,0.9559400352748858
2024-25,OKC,PRRollMan,1.0593698880774887
2024-25,OKC,Postup,0.9938013021647956
2024-25,OKC,Spotup,1.0473946405237622
2024-25,OKC,Transition,1.1586832149070416
2024-25,ORL,Cut,1.3109100361050985
2024-25,ORL,Handoff,0.8595731275677013
2024-25,ORL,Isolation,0.890525502760928
2024-25,ORL,Misc,0.5712774858206624
2024-25,ORL,OffRebound,1.1304884895151701
2024-25,ORL,OffScreen,0.8196452475777906
2024-25,ORL,PRBallHandler,0.8385571987278656
2024-25,ORL,PRRollMan,1.017082944030997
2024-25,ORL,Postup,0.9610557650817471
2024-25,ORL,Spotup,0.984409491564278
2024-25,ORL,Transition,1.1019090897869805
2024-25,PHI,Cut,1.3417844214483492
2024-25,PHI,Handoff,0.9041252800869367
2024-25,PHI,Isolation,0.908701849158001
2024-25,PHI,Misc,0.5276086770183274
2024-25,PHI,OffRebound,1.0503370615490275
2024-25,PHI,OffScreen,0.900714252071565
2024-25,PHI,PRBallHandler,0.8719192132714104
2024-25,PHI,PRRollMan,1.1214214471564001
2024-25,PHI,Postup,0.9867355781398084
2024-25,PHI,Spotup,1.05557375095181
2024-25,PHI,Transition,1.1574356928503307
2024-25,PHX,Cut,1.2350921413647997
2024-25,PHX,Handoff,0.9359245005106963
2024-25,PHX,Isolation,1.0460136283820018
2024-25,PHX,Misc,0.5031404614400972
2024-25,PHX,OffRebound,1.1506377954628129
2024-25,PHX,OffScreen,1.1030287416166198
2024-25,PHX,PRBallHandler,0.8736250602514383
2024-25,PHX,PRRollMan,1.1288978800274954
2024-25,PHX,Postup,0.9653511288604052
2024-25,PHX,Spotup,1.132879520770029
2024-25,PHX,Transition,1.1529961415231955
2024-25,POR,Cut,1.158658866578868
2024-25,POR,Handoff,0.9411697808510594
2024-25,POR,Isolation,0.8652919115282269
2024-25,POR,Misc,0.5073440203423963
2024-25,POR,OffRebound,1.1238923379312775
2024-25,POR,OffScreen,0.9003650893404546
2024-25,POR,PRBallHandler,0.8999636982949601
2024-25,POR,PRRollMan,1.1100418295723666
2024-25,POR,Postup,0.8223584875918104
2024-25,POR,Spotup,1.0240009702092483
2024-25,POR,Transition,1.0251857974697218
2024-25,SAC,Cut,1.2942873250836067
2024-25,SAC,Handoff,0.9888528732513698
2024-25,SAC,Isolation,0.9134572040940547
2024-25,SAC,Misc,0.47573673925119536
2024-25,SAC,OffRebound,1.1386309970985524
2024-25,SAC,OffScreen,1.0674375495112154
2024-25,SAC,PRBallHandler,0.988109753617932
2024-25,SAC,PRRollMan,1.1030124693788301
2024-25,SAC,Postup,1.0684326525026437
2024-25,SAC,Spotup,1.048311836520246
2024-25,SAC,Transition,1.1258291639134157
2024-25,SAS,Cut,1.2804254686777463
2024-25,SAS,Handoff,0.9303970853110277
2024-25,SAS,Isolation,0.8912831768685762
2024-25,SAS,Misc,0.532558748442802
2024-25,SAS,OffRebound,1.057998183844687
2024-25,SAS,OffScreen,1.025477021395385
2024-25,SAS,PRBallHandler,0.8522988688959297
2024-25,SAS,PRRollMan,1.1336781121985566
2024-25,SAS,Postup,1.0586454125286624
2024-25,SAS,Spotup,1.0074643312187803
2024-25,SAS,Transition,1.1407390872484453
2024-25,TOR,Cut,1.1693141402841254
2024-25,TOR,Handoff,0.8419474159256235
2024-25,TOR,Isolation,0.9092979598393285
2024-25,TOR,Misc,0.43090070547311704
2024-25,TOR,OffRebound,1.043082945234966
2024-25,TOR,OffScreen,0.9848615188355209
2024-25,TOR,PRBallHandler,0.854305886180672
2024-25,TOR,PRRollMan,1.1195205920061486
2024-25,TOR,Postup,0.9353625884614636
2024-25,TOR,Spotup,1.0217868365775475
2024-25,TOR,Transition,1.0705208465575915
2024-25,UTA,Cut,1.2836981874697657
2024-25,UTA,Handoff,0.978777091618034
2024-25,UTA,Isolation,0.8307766926445791
2024-25,UTA,Misc,0.4272886095841156
2024-25,UTA,OffRebound,1.1268429832586655
2024-25,UTA,OffScreen,0.9757450767510514
2024-25,UTA,PRBallHandler,0.8417879265002977
2024-25,UTA,PRRollMan,1.0611707233281387
2024-25,UTA,Postup,0.9218113275274535
2024-25,UTA,Spotup,1.0073834126482892
2024-25,UTA,Transition,1.1004423708062852
2024-25,WAS,Cut,1.2283449843838894
2024-25,WAS,Handoff,0.8798394300211498
2024-25,WAS,Isolation,0.7935830586046327
2024-25,WAS,Misc,0.4345952882201341
2024-25,WAS,OffRebound,1.0536120210924902
2024-25,WAS,OffScreen,0.9279984509051272
2024-25,WAS,PRBallHandler,0.858983170136078
2024-25,WAS,PRRollMan,1.0358601968203964
2024-25,WAS,Postup,0.9603707082209298
2024-25,WAS,Spotup,0.9526836637010143
2024-25,WAS,Transition,1.0663417109670263
